30060493	blah	CIC00130	6693del	Ile2231MetfsTer16	6079C>T	Leu2027Phe	blah	blah	BCVA	12	21.0:0.10
30060493	blah	CIC00467	2572insG	Asp858GlyfsTer27	4926C>G	Ser1642Arg	blah	blah	BCVA	10	60.0:0.03
30060493	blah	CIC01080	1050del	Ile351LeufsTer23	2819C>G	Pro940Arg	blah	blah	BCVA	8	43.0:0.01
30060493	blah	CIC01199	6181_6184del	Thr2061SerfsTer53	5882G>A	Gly1961Glu	blah	blah	BCVA	10	41.0:0.20
30060493	blah	CIC01301	1556G>A	Cys519Tyr	3292C>T	Arg1098Cys	blah	blah	BCVA	45	55.0:0.08
30060493	blah	CIC02505	3811G>C	Glu1271Gln	3386G>T	Arg1129Leu	blah	blah	BCVA	61	65.0:0.06
30060493	blah	CIC02690	4129-3C>A	splice	5461-10T>C	splice	blah	blah	BCVA	8	17.0:0.03
30060493	blah	CIC02804	1252T>C	Phe418Leu	6005+1del	splice	blah	blah	BCVA	44	48.0:0.10
30060493	blah	CIC01750	3966del	Ala1324ArgfsTer65	4918C>T	Arg1640Trp	blah	blah	BCVA	9	36.0:0.05
30060493	blah	CIC03252	4689del	Gly1564GlufsTer17	2588G>C	Gly863Ala	blah	blah	BCVA	15	27.0:0.10
30060493	blah	CIC03710	6191C>T	Ala2064Val	4537insC	Gln1513ProfsTer42	blah	blah	BCVA	10	23.0:0.16
30060493	blah	CIC03734	53G>A	Arg18Gln	5882G>A	Gly1961Glu	blah	blah	BCVA	20	40.0:0.13
30060493	blah	CIC04176	3682G>T	Glu1228Ter	3322C>T	Arg1108Cys	blah	blah	BCVA	20	27.0:0.13
30060493	blah	CIC04197	1706A>G	Tyr569Cys	5603A>T	Asn1868Ile	blah	blah	BCVA	71	75.0:0.10
30060493	blah	CIC04235	1050del	Ile351LeufsTer23	5351T>C	Leu1784Pro	blah	blah	BCVA	11	57.0:0.06
30060493	blah	CIC04259	3080A>G	Tyr1027Cys	5381C>A	Ala1794Asp	blah	blah	BCVA	20	62.0:0.50
30060493	blah	CIC04571	6250G>A	Ala2084Thr	2894A>G	Asn965Ser	blah	blah	BCVA	16	20.0:0.13
30060493	blah	CIC05266	1201A>C	Thr401Pro	2588G>C	Gly863Ala	blah	blah	BCVA	15	18.0:0.13
30060493	blah	CIC05899	3811G>C	Glu1271Gln	5882G>A	Gly1961Glu	blah	blah	BCVA	24	42.0:0.16
30060493	blah	CIC06088	972_973delinsAT	Cys324TerfsTer1	3386G>T	Arg1129Leu	blah	blah	BCVA	17	48.0:0.06
30060493	blah	CIC06126	2299del;5603A>T	Val767SerfsTer20;Asn1868Ile	2588G>C	Gly863Ala	blah	blah	BCVA	41	47.0:0.63
30060493	blah	CIC06346	1648_1659del	Gly550_Phe553del	5882G>A	Gly1961Glu	blah	blah	BCVA	35	40.0:0.50
30060493	blah	CIC06396	6436_6437insT	Gly2146ValfsTer36	6436_6437insT	Gly2146ValfsTer36	blah	blah	BCVA	9	27.0:0.13
30060493	blah	CIC06727	4510_4535del	Glu1504ProfsTer42	4139C>T	Pro1380Leu	blah	blah	BCVA	12	14.0:0.08
30060493	blah	CIC06749	902del	Arg301SerfsTer15	6320G>A	Arg2107His	blah	blah	BCVA	42	50.0:0.08
30060493	blah	CIC06908	570+1_570+8del	splice	5603A>T	Asn1868Ile	blah	blah	BCVA	35	41.0:1.00
30060493	blah	CIC07036	5282C>G	Pro1761Arg	5882G>A	Gly1961Glu	blah	blah	BCVA	24	31.0:0.16
30060493	blah	CIC07120	3825G>C;5603A>T	Lys1275Asn;Asn1868Ile	3322C>T	Arg1108Cys	blah	blah	BCVA	29	60.0:0.25
30060493	blah	CIC07308	1050del	Ile351LeufsTer23	5882G>A	Gly1961Glu	blah	blah	BCVA	17	26.0:0.13
30060493	blah	CIC07436	5898+2T>C	splice	5642C>T	Ala1881Val	blah	blah	BCVA	12	32.0:0.40
30060493	blah	CIC07725	1019A>G	Tyr340Cys	1019A>G	Tyr340Cys	blah	blah	BCVA	9	10.0:0.10
30060493	blah	CIC07748	6284A>G	Asp2095Gly	3323G>A	Arg1108His	blah	blah	BCVA	14	32.0:0.08
30060493	blah	CIC07749	1895T>A;3602T>G	Ile632Asn;Leu1201Arg	4700C>T	Pro1567Leu	blah	blah	BCVA	16	30.0:0.20
30060493	blah	CIC07744	4061A>C;872C>T	His1354Pro;Pro291Leu	1927G>A	Val643Met	blah	blah	BCVA	23	27.0:0.13
30060493	blah	CIC07831	5332A>T	Met1778Leu	3899G>A	Arg1300Gln	blah	blah	BCVA	10	10.0:0.63
30060493	blah	CIC07887	686T>C	Leu229Pro	5882G>A	Gly1961Glu	blah	blah	BCVA	17	20.0:0.63
30060493	blah	CIC07895	686T>C	Leu229Pro	3602T>G	Leu1201Arg	blah	blah	BCVA	16	17.0:0.10
30060493	blah	CIC07960	5282C>G	Pro1761Arg	3819insT	Leu1274SerfsTer8	blah	blah	BCVA	8	38.0:0.08
30060493	blah	CIC07994	4324A>G	Asn1442Asp	194G>A	Gly65Glu	blah	blah	BCVA	22	24.0:0.10
30060493	blah	CIC08194	4178_4192del;6148G>C	Val1393GlyfsTer877;Val2050Leu	5603A>T	Asn1868Ile	blah	blah	BCVA	16	19.0:0.13
30060493	blah	CIC08262	5342C>A	Ala1781Glu	286A>G	Asn96Asp	blah	blah	BCVA	12	20.0:0.20
30060493	blah	CIC08283	4663_4664del	Gln1555GlufsTer41	5603A>T	Asn1868Ile	blah	blah	BCVA	48	68.0:1.00
30060493	blah	CIC08359	5384T>C	Leu1795Ser	2588G>C	Gly863Ala	blah	blah	BCVA	20	48.0:0.10
30060493	blah	CIC08372	1099+1G>C	splice	3322C>T	Arg1108Cys	blah	blah	BCVA	14	14.0:0.03
30060493	blah	CIC08439	5332A>T	Met1778Leu	6394G>T	Glu2132Ter	blah	blah	BCVA	43	73.0:0.79
30060493	blah	CIC07985	2172insAATC;6079C>T	Leu725AsnfsTer42;Leu2027Phe	6454G>A	Gly2152Ser	blah	blah	BCVA	16	18.0:0.20
30060493	blah	CIC08581	6746C>A;5882G>A	Ala2249Asp;Gly1961Glu	1819G>A	Gly607Arg	blah	blah	BCVA	18	46.0:0.13
30060493	blah	CIC08724	2083G>C	Val695Leu	6445C>T	Arg2149Ter	blah	blah	BCVA	14	30.0:0.10
30060493	blah	CIC08932	4775G>A	Gly1592Asp	288C>A	Asn96Lys	blah	blah	BCVA	9	11.0:0.10
30060493	blah	CIC09114	6704C>G	Ser2235Ter	3113C>T	Ala1038Val	blah	blah	BCVA	30	31.0:0.40
30060493	blah	CIC09219	4696C>T	Leu1566Phe	3056C>T	Thr1019Met	blah	blah	BCVA	24	29.0:0.13
30060493	blah	CIC09374	6455G>T	Gly2152Val	1222C>T	Arg408Ter	blah	blah	BCVA	9	9.0:0.13
30060493	blah	CIC09382	978C>A	Tyr326Ter	5898+2T>C	splice	blah	blah	BCVA	15	17.0:0.20
30060493	blah	CIC09405	2443C>T	Gln815Ter	5882G>A	Gly1961Glu	blah	blah	BCVA	8	21.0:0.16
30060493	blah	CIC09601	5282C>G	Pro1761Arg	3279C>A	Asp1093Glu	blah	blah	BCVA	35	51.0:0.79
30060493	blah	CIC09848	859-2A>G	splice	872C>T	Pro291Leu	blah	blah	BCVA	12	17.0:0.10
30060493	blah	CIC09857	6110C>A	Ala2037Asp	5461-10T>C	splice	blah	blah	BCVA	12	13.0:0.13
30060493	blah	CIC09625	1301T>G	Val434Gly	1301T>G	Val434Gly	blah	blah	BCVA	9	9.0:0.13
30093795	blah	1	4926C>G;5044_5058del15	Ser1642Arg;Val1682_Val1686del	5882G>A	Gly1961Glu	blah	blah	BCVA	12	30.0:0.10
30093795	blah	9	6112C>T	Arg2038Trp	6320G>A	Arg2107His	blah	blah	BCVA	11	35.0:0.13
30093795	blah	49	5282C>G;6316C>T	Pro1761Arg;Arg2106Cys	2345G>A	Trp782Ter	blah	blah	BCVA	15	25.0:0.05
30093795	blah	43	5882G>A	Gly1961Glu	66G>T	Lys22Asnsplice	blah	blah	BCVA	19	20.0:0.33
30093795	blah	51	1622T>C;3113C>T	Leu541Pro;Ala1038Val	5882G>A	Gly1961Glu	blah	blah	BCVA	10	11.0:0.67
30093795	blah	28	70C>T	Arg24Cys	1804C>T	Arg602Trp	blah	blah	BCVA	16	26.0:0.40
30093795	blah	33	3862+1G>A	splice	3862+1G>A	splice	blah	blah	BCVA	10	10.0:0.10
30093795	blah	35	6079C>T	Leu2027Phe	6250G>C	Ala2084Pro	blah	blah	BCVA	20	20.0:0.80
30093795	blah	48	5882G>A;3113C>T	Gly1961Glu;Ala1038Val	1364T>A	Leu455Gln	blah	blah	BCVA	32	32.0:0.33
30093795	blah	3	4926C>G;5044_5058del15	Ser1642Arg;Val1682_Val1686del	2791G>A	Val931Met	blah	blah	BCVA	14	37.0:0.13
30093795	blah	5	3898C>T	Arg1300Ter	1804C>T	Arg602Trp	blah	blah	BCVA	7	17.0:0.10
30093795	blah	12	4328G>A;1622T>C	Arg1443His;Leu541Pro	2743G>A	Asp915Asnsplice	blah	blah	BCVA	8	13.0:0.10
30093795	blah	18	634C>T	Arg212Cys	1804C>T	Arg602Trp	blah	blah	BCVA	6	31.0:0.05
30093795	blah	19	634C>T	Arg212Cys	1804C>T	Arg602Trp	blah	blah	BCVA	11	26.0:0.00
30093795	blah	22	4926C>G;5044_5058del15	Ser1642Arg;Val1682_Val1686del	4340A>T	Glu1447Val	blah	blah	BCVA	8	10.0:0.10
30093795	blah	46	5461-10T>C	splice	1804C>T	Arg602Trp	blah	blah	BCVA	9	10.0:0.10
30093795	blah	47	1622T>C;4328G>A	Leu541Pro;Arg1443His	286A>G	Asn96Asp	blah	blah	BCVA	7	26.0:0.05
30093795	blah	50	1804C>T	Arg602Trp	5381C>A	Ala1794Asp	blah	blah	BCVA	15	31.0:0.05
30093795	blah	4	286A>G	Asn96Asp	286A>G	Asn96Asp	blah	blah	BCVA	23	39.0:0.05
30093795	blah	6	286A>G	Asn96Asp	286A>G	Asn96Asp	blah	blah	BCVA	14	47.0:0.00
30093795	blah	10	4926C>G;5044_5058del15	Ser1642Arg;Val1682_Val1686del	3056C>T	Thr1019Met	blah	blah	BCVA	5	26.0:0.00
30093795	blah	13	4926C>G;5044_5058del15	Ser1642Arg;Val1682_Val1686del	1804C>T	Arg602Trp	blah	blah	BCVA	8	26.0:0.00
30093795	blah	15	5714+5G>A	splice	6005+1G>T	splice	blah	blah	BCVA	12	40.0:0.00
30093795	blah	17	1622T>C;3113C>T	Leu541Pro;Ala1038Val	3329-2A>T	splice	blah	blah	BCVA	7	59.0:0.00
30093795	blah	20	1622T>C;3113C>T	Leu541Pro;Ala1038Val	3329-2A>T	splice	blah	blah	BCVA	8	65.0:0.00
30093795	blah	23	1622T>C;4328G>A	Leu541Pro;Arg1443His	1804C>T	Arg602Trp	blah	blah	BCVA	7	31.0:0.00
30093795	blah	24	4457C>T	Pro1486Leu	1804C>T	Arg602Trp	blah	blah	BCVA	15	46.0:0.00
30093795	blah	30	6088C>T	Arg2030Ter	6088C>T	Arg2030Ter	blah	blah	BCVA	7	38.0:0.05
30093795	blah	37	4003_4004delCC	Pro1335ArgfsTer86	658C>T	Arg220Cys	blah	blah	BCVA	28	31.0:0.67
30093795	blah	42	2894A>G	Asn965Ser	5381C>A	Ala1794Asp	blah	blah	BCVA	17	38.0:0.05
30093795	blah	25	5044_5058del15	Val1682_Val1686del	1804C>T	Arg602Trp	blah	blah	BCVA	7	26.0:0.05
30093795	blah	45	1804C>T	Arg602Trp	3386G>T	Arg1129Leu	blah	blah	BCVA	18	61.0:0.05
30093795	blah	27	868C>T;2690C>T	Arg290Trp;Thr897Ile	5882G>A	Gly1961Glu	blah	blah	BCVA	40	61.0:0.05
30093795	blah	38	32T>C	Leu11Pro	3113C>T	Ala1038Val	blah	blah	BCVA	20	21.0:0.05
30563929	blah	proband	3607G>T	Gly1203Trpsplice	6722T>C	Leu2241Pro	blah	blah	BCVA	6	35.0:0.30
28726568	blah	proband	3523-2A>G	splice	2249T>C	Leu750Pro	blah	blah	BCVA	6	6.0:0.10;10.0:0.00
25312043	blah	2	1957C>T	Arg653Cys	6088C>T	Arg2030Ter	blah	blah	BCVA	6	7.0:0.33
25312043	blah	3	6479+1G>A	splice	6479+1G>A	splice	blah	blah	BCVA	7	7.0:0.06
25312043	blah	5	2712delG	Glu905ArgfsTer27	2712delG	Glu905ArgfsTer27	blah	blah	BCVA	5	8.0:0.10
25312043	blah	6	3289A>T	Arg1097Ter	5196+1G>A	splice	blah	blah	BCVA	7	8.0:0.05
25312043	blah	7	634C>T	Arg212Cys	5461-10T>C	splice	blah	blah	BCVA	7	8.0:0.40;14.0:0.20
25312043	blah	8	3081T>G	Tyr1027Ter	3081T>G	Tyr1027Ter	blah	blah	BCVA	6	8.0:0.33;15.0:0.04
25312043	blah	9	4469G>A	Cys1490Tyr	5461-10T>C	splice	blah	blah	BCVA	7	9.0:0.63;13.0:0.10
25312043	blah	10	3259G>A	Glu1087Lys	5461-10T>C	splice	blah	blah	BCVA	8	9.0:0.20;13.0:0.08
25312043	blah	11	3322C>T	Arg1108Cys	4469G>A	Cys1490Tyr	blah	blah	BCVA	9	9.0:0.33;14.0:0.06
25312043	blah	13	3322C>T	Arg1108Cys	4577C>T	Thr1526Met	blah	blah	BCVA	7	9.0:0.33;16.0:0.16
25312043	blah	14	4216C>T	His1406Tyr	4222T>C;4918C>T	Trp1408Arg;Arg1640Trp	blah	blah	BCVA	8	9.0:0.33;16.0:0.10
25312043	blah	16	2861A>C	Tyr954Ser	5461-10T>C	splice	blah	blah	BCVA	8	10.0:0.10;11.0:0.10
25312043	blah	17	768G>T	Val256Valsplice	4363T>C	Cys1455Arg	blah	blah	BCVA	5	10.0:0.50;14.0:0.50
25312043	blah	18	1906C>T	Gln636Ter	5461-10T>C	splice	blah	blah	BCVA	9	11.0:0.40
25312043	blah	20	21insA	Gln8ThrfsTer46	5461-10T>C	splice	blah	blah	BCVA	10	11.0:0.17
25312043	blah	21	1317G>A	Trp439Ter	4139C>T	Pro1380Leu	blah	blah	BCVA	10	11.0:0.76;13.0:0.50
25312043	blah	22	5461-10T>C	splice	6079C>T	Leu2027Phe	blah	blah	BCVA	8	11.0:0.10;16.0:0.10
25312043	blah	24	4363T>C	Cys1455Arg	5714+5G>A	splice	blah	blah	BCVA	11	12.0:0.13;15.0:0.10
25312043	blah	25	2588G>C;3364G>A	Gly863Ala;Glu1122Lys	6088C>T	Arg2030Ter	blah	blah	BCVA	8	12.0:0.05;16.0:0.07
25312043	blah	26	1648G>A	Gly550Arg	6449G>A	Cys2150Tyr	blah	blah	BCVA	3	12.0:0.10;16.0:0.10
25312043	blah	27	2588G>C	Gly863Ala	5160_5161delCA	Thr1721HisfsTer65	blah	blah	BCVA	9	13.0:0.32
25312043	blah	28	3064G>A	Glu1022Lys	3064G>A	Glu1022Lys	blah	blah	BCVA	6	13.0:0.08;15.0:0.13
25312043	blah	29	1760G>A	Arg587Lyssplice	2564G>A	Trp855Ter	blah	blah	BCVA	8	13.0:0.10;16.0:0.17
25312043	blah	30	1906C>T	Gln636Ter	6817-2A>C	splice	blah	blah	BCVA	11	14.0:0.16
25312043	blah	31	3056C>T	Thr1019Met	5882G>A	Gly1961Glu	blah	blah	BCVA	12	14.0:0.33
25312043	blah	32	5018+2T>C	splice	6215G>A	Ser2072Asn	blah	blah	BCVA	10	14.0:0.10;15.0:0.10
25312043	blah	33	5882G>A	Gly1961Glu	6729+4_6729+18del	splice	blah	blah	BCVA	11	14.0:0.66;16.0:0.44
25312043	blah	34	4139C>T	Pro1380Leu	5308T>G	Tyr1770Asp	blah	blah	BCVA	12	15.0:0.10
25312043	blah	36	1957C>T	Arg653Cys	4139C>T	Pro1380Leu	blah	blah	BCVA	12	15.0:0.10;16.0:0.10
25312043	blah	37	1531C>T;5213_5214insTGC	Arg511Cys;Gly1740AlafsTer535	5882G>A	Gly1961Glu	blah	blah	BCVA	14	15.0:0.66;16.0:0.28
25312043	blah	38	3197T>G	Met1066Arg	4469G>A	Cys1490Tyr	blah	blah	BCVA	13	15.0:0.10;16.0:0.10
25312043	blah	39	1757A>G	Asp586Gly	5882G>A	Gly1961Glu	blah	blah	BCVA	12	15.0:0.16;16.0:0.16
25312043	blah	41	5461-10T>C	splice	6079C>T	Leu2027Phe	blah	blah	BCVA	13	16.0:0.10
25312043	blah	42	3385C>T	Arg1129Cys	4469G>A	Cys1490Tyr	blah	blah	BCVA	14	16.0:0.66
26161775	blah	QT058	6173T>G	Leu2058Arg	4773+1G>T	splice	blah	blah	BCVA	8	18.0:0.79
26161775	blah	QT085	6173T>G	Leu2058Arg	5932delA	Thr1979GlnfsTer13	blah	blah	BCVA	7	9.0:0.79
26161775	blah	QT398	4352+1G>A	splice	1804C>T	Arg602Trp	blah	blah	BCVA	-1	8.0:0.87
26161775	blah	QT431	5646G>A	Met1882Ile	1804C>T	Arg602Trp	blah	blah	BCVA	10	12.0:0.63
26161775	blah	QT458	4555delA	Thr1519ArgfsTer7	164A>G	His55Arg	blah	blah	BCVA	-1	20.0:0.91
26161775	blah	QT727	161-2A>G	splice	101_106del	Ser34PhefsTer2239	blah	blah	BCVA	11	15.0:0.89
26161775	blah	QT1137	6284A>T	Asp2095Val	22C>T	Gln8Ter	blah	blah	BCVA	7	7.5:0.85
26161775	blah	QT1160	240_241del	Cys81PhefsTer17	101_106del	Ser34PhefsTer2239	blah	blah	BCVA	6	11.0:0.79
26161775	blah	QT1175	4195G>T	Glu1399Ter	2894A>G	Asn965Ser	blah	blah	BCVA	8	11.0:0.79
26161775	blah	QT1198	5646G>A	Met1882Ile	2894A>G	Asn965Ser	blah	blah	BCVA	8	8.0:0.71
26161775	blah	QT1200	6563T>C	Phe2188Ser	858+2T>A	splice	blah	blah	BCVA	20	26.0:0.79
26161775	blah	QT1230	6317G>C	Arg2106Pro	101_106del	Ser34PhefsTer2239	blah	blah	BCVA	8	8.5:0.63
19028736	blah	ARDM-135	5882G>A	Gly1961Glu	1029_1030insT	Asn344TerfsTer1	blah	blah	BCVA	24	42.0:0.00
19028736	blah	ARDM-240	5882G>A	Gly1961Glu	2285C>A	Ala762Glu	blah	blah	BCVA	13	15.0:0.00
19028736	blah	ARDM-225	5882G>A	Gly1961Glu	6559C>T	Gln2187Ter	blah	blah	BCVA	25	32.0:0.00
19028736	blah	ARDM-125	3211insGT	Ser1071CysfsTer14	np	1877K_1880Adup	blah	blah	BCVA	9	31.0:0.00
19028736	blah	ARDM-158	3211insGT	Ser1071CysfsTer14	4537delC	Gln1513ArgfsTer13	blah	blah	BCVA	9	24.0:0.00
19028736	blah	ARDM-146	3056C>T	Thr1019Met	6140T>A	Ile2047Asn	blah	blah	BCVA	13	32.0:0.00
19028736	blah	ARDM-40	3056C>T	Thr1019Met	3943C>T	Gln1315Ter	blah	blah	BCVA	9	46.0:0.00
19028736	blah	ARDM-90	5929G>A	Gly1977Ser	3191-2A>T	splice	blah	blah	BCVA	8	26.0:0.00
19028736	blah	ARDM-181	3323G>A	Arg1108His	5312+5G>A	splice	blah	blah	BCVA	16	57.0:0.00
19028736	blah	ARDM-183	6079C>T	Leu2027Phe	5929G>A	Gly1977Ser	blah	blah	BCVA	55	63.0:0.00
19028736	blah	ARDM-38	1804C>T	Arg602Trp	4739delT	Leu1580TerfsTer1	blah	blah	BCVA	6	35.0:0.00
19028736	blah	ARDM-247	3386G>T	Arg1129Leu	6410G>A	Cys2137Tyr	blah	blah	BCVA	12	30.0:0.00
25082885	blah	Case 1	4919G>A	Arg1640Gln	5882G>A	Gly1961Glu	blah	blah	BCVA	35	44.0:0.80
20696155	blah	1	np	Gly1961Glu	np	Gly1961Glu	blah	blah	BCVA	18	32.0:0.29
20696155	blah	2	np	Gly1961Glu	5898+1G>T	splice	blah	blah	BCVA	8	27.0:0.10
20696155	blah	3.1	np	L541P/A1038V	np	Gly1961Glu	blah	blah	BCVA	28	31.0:0.67
20696155	blah	3.2	np	L541P/A1038V	np	Gly1961Glu	blah	blah	BCVA	28	33.0:0.40
20696155	blah	4.1	np	L541P/A1038V	np	Gly1961Glu	blah	blah	BCVA	14	17.0:0.80
20696155	blah	4.2	np	L541P/A1038V	np	Gly1961Glu	blah	blah	BCVA	14	24.0:0.13
20696155	blah	5	np	Gly1961Glu	np	R2077W	blah	blah	BCVA	25	30.0:0.40
20696155	blah	6.1	np	Gly1961Glu	np	L541P/A1038V	blah	blah	BCVA	18	21.0:0.13
20696155	blah	6.2	np	Gly1961Glu	np	L541P/A1038V	blah	blah	BCVA	15	18.0:0.13
20696155	blah	7	np	R602Q	np	R602Q	blah	blah	BCVA	31	36.0:1.00
20696155	blah	13	np	P1380L	np	R1640Q	blah	blah	BCVA	11	35.0:0.00
20696155	blah	14	5461-10T>C	splice	5584+5G>A	splice	blah	blah	BCVA	7	13.0:0.13
20696155	blah	15	np	M1V/R2030Q	np	P1380L	blah	blah	BCVA	8	18.0:0.13
20696155	blah	16	np	P1380L	np	P1380L	blah	blah	BCVA	18	26.0:0.05
20696155	blah	17	np;np	L541P;A1038V	np	L2027F	blah	blah	BCVA	10	32.0:0.00
20696155	blah	20	np	R602W	np	R1300*	blah	blah	BCVA	8	26.0:0.00
20696155	blah	21	np	C54Y	1937+1G>C	splice	blah	blah	BCVA	8	63.0:0.00
20696155	blah	22.1	4537delC	Gln1513ArgfsTer13	np	R107*	blah	blah	BCVA	5	13.0:0.10
20696155	blah	22.2	4537delC	Gln1513ArgfsTer13	np	R107*	blah	blah	BCVA	6	8.0:0.10
20696155	blah	23	np	P1380L	5584+5G>A	splice	blah	blah	BCVA	29	55.0:0.05
20696155	blah	24	np	A1598D	np	A1598D	blah	blah	BCVA	13	53.0:0.05
22247458	blah	P1	np	N965S	np	W821R	blah	blah	BCVA	-1	12.0:1.00
22247458	blah	P2	np	V989A	4128+5G>T	splice	blah	blah	BCVA	-1	17.0:0.20
22247458	blah	P3	np	G1961E	np	R1129L	blah	blah	BCVA	-1	18.0:0.20
22247458	blah	P4	np	R212C	np	P68R	blah	blah	BCVA	-1	21.0:0.16
22247458	blah	P6	np	G863A	np	R1108C	blah	blah	BCVA	-1	31.0:0.80
22247458	blah	P7	5584+5G>A	splice	np	V935A	blah	blah	BCVA	-1	32.0:0.62
22247458	blah	P9	np	R681*	np	P309R	blah	blah	BCVA	-1	37.0:1.00
22247458	blah	P10	np	G1961E	np	C54Y	blah	blah	BCVA	-1	39.0:0.50
22247458	blah	P11	np	G1961E	np	V256V	blah	blah	BCVA	-1	42.0:0.62
22247458	blah	P12	np	G1961E	np	V256V	blah	blah	BCVA	-1	46.0:0.62
22247458	blah	P13	np	G1961E	np	P1380L	blah	blah	BCVA	-1	52.0:0.50
22247458	blah	P14	np	D600E	np	R18W	blah	blah	BCVA	-1	58.0:0.50
22247458	blah	P15	np	V256V	np	T1526M	blah	blah	BCVA	-1	11.0:0.10
22247458	blah	P16	np	C54Y	4848+2T>C	splice	blah	blah	BCVA	-1	15.0:0.10
22247458	blah	P17	np	V989A	4128+5G>T	splice	blah	blah	BCVA	-1	16.0:0.20
22247458	blah	P18	np	N965S	np	W821R	blah	blah	BCVA	-1	16.0:0.16
22247458	blah	P19	np	A1038V/L541P	np	N965S	blah	blah	BCVA	-1	19.0:0.05
22247458	blah	P20	np	G863A	4848+2T>C	splice	blah	blah	BCVA	-1	21.0:0.10
22247458	blah	P21	np	G1961E	np	Arg152Ter	blah	blah	BCVA	-1	22.0:0.40
22247458	blah	P22	np	G863A	np	P1660S	blah	blah	BCVA	-1	27.0:0.20
22247458	blah	P23	np	G1961E	np	A1038V/L541P	blah	blah	BCVA	-1	27.0:0.20
22247458	blah	P24	np	G1961E	np	T1019M	blah	blah	BCVA	-1	29.0:0.20
22247458	blah	P25	np	P1486L	769_858del	Leu257_Glu286del	blah	blah	BCVA	-1	33.0:0.05
22247458	blah	P26	np	G863A	np	C1490Y	blah	blah	BCVA	-1	36.0:0.20
22247458	blah	P28	np	T1526M	np	R2030Q	blah	blah	BCVA	-1	49.0:0.16
22247458	blah	P30	np	G1961E	5196+1G>A	splice	blah	blah	BCVA	-1	56.0:0.16
22247458	blah	P31	np	G1961E	np	M669del2ccAT	blah	blah	BCVA	-1	60.0:0.16
23940504	blah	01-0570	287delA	Asn96ThrfsTer19	6148G>C	Val2050Leu	blah	blah	BCVA	4	12.0:0.00
23940504	blah	95-0103	4720G>T	Glu1574Ter	950delG	Gly317AlafsTer57	blah	blah	BCVA	10	36.0:0.00
23940504	blah	07-0366	2285C>A	Ala762Glu	2285C>A	Ala762Glu	blah	blah	BCVA	-1	27.0:0.00
25283059	blah	1	np	G1961E	np	G1961E	blah	blah	BCVA	-1	36.0:0.20
25283059	blah	2	np	G1961E	np	R1129C	blah	blah	BCVA	-1	46.0:0.40
25283059	blah	3	np	G1961E	6729+4_6729+18del	splice	blah	blah	BCVA	-1	17.0:0.20
25283059	blah	4	np	G1961E	np	A1773V	blah	blah	BCVA	-1	17.0:0.13
25283059	blah	5	np	G1961E	np	W15*	blah	blah	BCVA	-1	21.0:0.13
25283059	blah	6	np	G1961E	np	G863A	blah	blah	BCVA	-1	22.0:0.33
25283059	blah	7	np	G1961E	np	L541P	blah	blah	BCVA	-1	20.0:0.20
25283059	blah	8	np	G1961E	np	P1380L	blah	blah	BCVA	-1	12.0:0.20
25283059	blah	9	np	G1961E	np	R212C	blah	blah	BCVA	-1	21.0:0.13
25283059	blah	10	np	G1961E	5196+1056A>G	deep	blah	blah	BCVA	-1	26.0:0.40
25283059	blah	11	np	G1961E	np	C2150R	blah	blah	BCVA	-1	24.0:0.13
25283059	blah	12	np	G1961E	np	N96D	blah	blah	BCVA	-1	24.0:0.66
25283059	blah	13	np	G1961E	np	N96D	blah	blah	BCVA	-1	20.0:0.50
25283059	blah	14	np	G1961E	np	Q1003*	blah	blah	BCVA	-1	25.0:1.00
25283059	blah	16	np	S84fs	np	R2107H	blah	blah	BCVA	-1	25.0:0.25
25283059	blah	17	np	G991R	np	L1138P	blah	blah	BCVA	-1	24.0:0.20
25283059	blah	18	np	R1300*	np	R2106C	blah	blah	BCVA	-1	26.0:1.00
25283059	blah	19	np	W821R	np	C2150Y	blah	blah	BCVA	-1	11.0:0.40
25283059	blah	20	np	K1547*	np	R2030Q	blah	blah	BCVA	-1	16.0:0.40
25283059	blah	21	np	R1108C	np	Q1412*	blah	blah	BCVA	-1	13.0:0.10
25283059	blah	22	np	G863A	5898+1G>A	splice	blah	blah	BCVA	-1	18.0:1.00
23776498	blah	Family 1	4604insT	Thr1537AsnfsTer18	1957C>T	Arg653Cys	blah	blah	BCVA	-1	7.0:0.00
18285826	blah	6809	731T>C	Leu244Pro	731T>C	Leu244Pro	blah	blah	BCVA	8	24.0:0.00
18285826	blah	6184	735T>G	Tyr245Ter	735T>G	Tyr245Ter	blah	blah	BCVA	5	32.0:0.00
18285826	blah	781	1622T>C;3113C>T	Leu541Pro;Ala1038Val	4848+2T>C	splice	blah	blah	BCVA	10	41.0:0.00
18285826	blah	10492	2588G>C	Gly863Ala	5196+1_5196+4del	splice	blah	blah	BCVA	14	46.0:0.00
18285826	blah	1989	4139C>T	Pro1380Leu	6229C>T	Arg2077Trp	blah	blah	BCVA	10	28.0:0.00
18285826	blah	2509	4139C>T	Pro1380Leu	1928T>G	Val643Gly	blah	blah	BCVA	13	57.0:0.00
18285826	blah	5781	5285C>A	Ala1762Asp	3539_3554del	Ser1181ProfsTer10	blah	blah	BCVA	10	20.0:0.00
18285826	blah	5862	5461-10T>C	splice	5882G>A	Gly1961Glu	blah	blah	BCVA	6	14.0:0.00
18285826	blah	9136	5461-10T>C	splice	700C>T	Gln234Ter	blah	blah	BCVA	13	37.0:0.00
18285826	blah	8805	5461-10T>C	splice	5196+1G>A	splice	blah	blah	BCVA	9	43.0:0.00
18285826	blah	10313	5461-10T>C	splice	2588G>C	Gly863Ala	blah	blah	BCVA	18	18.0:0.00
18285826	blah	3474	5461-10T>C	splice	4234C>T	Gln1412Ter	blah	blah	BCVA	6	29.0:0.00
18285826	blah	10840	5461-10T>C	splice	4457C>T	Pro1486Leu	blah	blah	BCVA	27	29.0:0.00
18285826	blah	6810	5714+5G>A	splice	5819T>C	Leu1940Pro	blah	blah	BCVA	7	30.0:0.00
18285826	blah	3668	5917delG	Val1973TerfsTer1	5917delG	Val1973TerfsTer1	blah	blah	BCVA	7	8.0:0.00
18285826	blah	8019	5917delG	Val1973TerfsTer1	4462T>C	Cys1488Arg	blah	blah	BCVA	6	19.0:0.00
23341817	blah	Case 2	571-2A>T	splice	571-2A>T	splice	blah	blah	BCVA	11	14.0:0.62
29971439	blah	G-II:1	5763insTG	Ala1922TrpfsTer18	5603A>T	Asn1868Ile	blah	blah	BCVA	72	76.0:0.80
29971439	blah	G-II:4	5763insTG	Ala1922TrpfsTer18	5603A>T	Asn1868Ile	blah	blah	BCVA	37	70.0:0.00
29971439	blah	F-II:2	1822T>A	Phe608Ile	5603A>T	Asn1868Ile	blah	blah	BCVA	32	41.0:0.30
29971439	blah	S-II:1	1822T>A	Phe608Ile	5603A>T	Asn1868Ile	blah	blah	BCVA	26	30.0:0.40
29971439	blah	J-II:2	5461-10T>C;5603A>T	splice;Asn1868Ile	5603A>T	Asn1868Ile	blah	blah	BCVA	56	57.0:0.62
29971439	blah	Z-II:1	4234C>T	Gln1412Ter	5603A>T	Asn1868Ile	blah	blah	BCVA	21	44.0:0.00
29971439	blah	K-II:1	5914G>A	Gly1972Arg	5603A>T	Asn1868Ile	blah	blah	BCVA	23	29.0:0.16
29971439	blah	AA-II:1	4469G>A;5603A>T	Cys1490Tyr;Asn1868Ile	5603A>T	Asn1868Ile	blah	blah	BCVA	57	58.0:1.00
28885670	blah	1	850_857delATTCAAGA	Ile284ValfsTer35	6184_6187delGTCT	Val2062ThrfsTer52	blah	blah	BCVA	4	11.0:0.16
25066811	blah	A:III:1	5318C>T	Ala1773Val	4128+1G>T	splice	blah	blah	BCVA	10	21.0:0.10
25066811	blah	A:III:2	5318C>T	Ala1773Val	4128+1G>T	splice	blah	blah	BCVA	11	13.0:0.10
25066811	blah	B:II:1	6112C>T	Arg2038Trp	1804C>T	Arg602Trp	blah	blah	BCVA	10	34.0:0.08
25066811	blah	B:II:2	6112C>T	Arg2038Trp	1804C>T	Arg602Trp	blah	blah	BCVA	13	31.0:0.05
25066811	blah	C:III:1	1819G>A	Gly607Arg	1819G>A	Gly607Arg	blah	blah	BCVA	10	23.0:0.10
25066811	blah	D:II:1	6095A>G	His2032Arg	6816+12G>A	splice	blah	blah	BCVA	6	13.0:0.10
25472526	blah	Rp44	2617T>C	Phe873Leu	2617T>C	Phe873Leu	blah	blah	BCVA	15	87.0:0.00
25472526	blah	Rp14	161G>A	Cys54Tyr	161G>A	Cys54Tyr	blah	blah	BCVA	11	38.0:0.16
25472526	blah	Rp171	1805G>A	Arg602Gln	4469G>A	Cys1490Tyr	blah	blah	BCVA	38	61.0:0.00
25472526	blah	Rp141	3352C>G	His1118Asp	1317G>A	Trp439Ter	blah	blah	BCVA	6	53.0:0.05
25472526	blah	Rp113	3211_3212insGT	Ser1071CysfsTer14	3211_3212insGT	Ser1071CysfsTer14	blah	blah	BCVA	10	67.0:0.00
25472526	blah	Rp105	2041C>T	Arg681Ter	2041C>T	Arg681Ter	blah	blah	BCVA	10	78.0:0.00
25472526	blah	Rp125	6416G>C	Arg2139Pro	1519G>T	Asp507Tyr	blah	blah	BCVA	7	65.0:0.00
25472526	blah	Rp375B	161G>A	Cys54Tyr	43_48delinsC	Trp15ProfsTer37	blah	blah	BCVA	7	59.0:0.00
24632595	blah	I1	1819G>A	Gly607Arg	1819G>A	Gly607Arg	blah	blah	BCVA	-1	43.0:1.00
24632595	blah	I2	2424C>G	Tyr808Ter	2424C>G	Tyr808Ter	blah	blah	BCVA	-1	43.0:1.00
24632595	blah	II1	1819G>A	Gly607Arg	2424C>G	Tyr808Ter	blah	blah	BCVA	10	13.0:0.05
24632595	blah	II2	1819G>A	Gly607Arg	2424C>G	Tyr808Ter	blah	blah	BCVA	10	18.0:0.05
24632595	blah	II3	1819G>A	Gly607Arg	1819G>A	Gly607Arg	blah	blah	BCVA	-1	20.0:1.00
27939946	blah	P001	5819T>C	Leu1940Pro	5819T>C	Leu1940Pro	blah	blah	BCVA	9	16.0:0.00
27939946	blah	P002	2828G>A	Arg943Gln	2828G>A	Arg943Gln	blah	blah	BCVA	8	11.0:0.00
27939946	blah	P003	1957C>T	Arg653Cys	203C>T	Pro68Leu	blah	blah	BCVA	4	9.0:0.00
27939946	blah	P021	2537A>T	Asp846Val	5753A>T	Asp1918Val	blah	blah	BCVA	9	11.0:0.00
27939946	blah	P028	1268A>G	His423Arg	1268A>G	His423Arg	blah	blah	BCVA	9	9.0:0.00
27939946	blah	P033	5206T>C	Ser1736Pro	5206T>C	Ser1736Pro	blah	blah	BCVA	9	18.0:0.00
23882696	blah	1	4738_4739delTT	Leu1580LysfsTer16	6320G>A	Arg2107His	blah	blah	BCVA	19	52.0:0.10
23882697	blah	2	2829delG	Pro944GlnfsTer6	5882G>A	Gly1961Glu	blah	blah	BCVA	9	32.0:0.10
23882698	blah	3	66+3A>C	splice	2791G>A	Val931Met	blah	blah	BCVA	16	29.0:0.10
23882699	blah	4	2588G>C	Gly863Ala	3266C>T	Thr1089Ile	blah	blah	BCVA	20	32.0:0.10
23882700	blah	5	5882G>A	Gly1961Glu	5882G>A	Gly1961Glu	blah	blah	BCVA	21	28.0:0.30
23882701	blah	6	1865delG	Ser622ThrfsTer27	5882G>A	Gly1961Glu	blah	blah	BCVA	20	25.0:0.16
23882702	blah	7	3626T>C	Met1209Thr	4739T>C	Leu1580Ser	blah	blah	BCVA	27	32.0:0.89
23882703	blah	8	1622T>C	Leu541Pro	5882G>A	Gly1961Glu	blah	blah	BCVA	17	42.0:0.10
23882704	blah	9	5714+5G>A	splice	5714+5G>A	splice	blah	blah	BCVA	23	23.0:1.00
23882705	blah	10	1622T>C	Leu541Pro	2864A>G	Glu955Gly	blah	blah	BCVA	16	30.0:0.10
23882706	blah	11	1622T>C	Leu541Pro	2588G>C	Gly863Ala	blah	blah	BCVA	19	45.0:0.05
23882707	blah	12	1622T>C	Leu541Pro	2864A>G	Glu955Gly	blah	blah	BCVA	14	37.0:0.10
23882708	blah	13	1622T>C	Leu541Pro	5714+5G>A	splice	blah	blah	BCVA	20	27.0:0.10
23882709	blah	14	1937+1G>A	splice	2588G>C	Gly863Ala	blah	blah	BCVA	14	41.0:0.01
23096905	blah	F1 ID81	np	Tyr1858Asp	np;np	Met1Val;Arg2030Gln	blah	blah	BCVA	-1	22.0:0.62
23096905	blah	F2 ID220	np	Ile156Val	np;np	Gly607Arg;Gly1961Glu	blah	blah	BCVA	-1	30.0:0.05
23096905	blah	F3 ID362	np	Met1Val	np;np	Gly1961Glu;Arg2030Gln	blah	blah	BCVA	-1	60.0:0.62
23096905	blah	F4 ID197	np	Asp1532Asn	np	Arg2030Ter	blah	blah	BCVA	-1	40.0:0.62
23096905	blah	F6 ID363	np	Tyr362Ter	np	Gly863Ala	blah	blah	BCVA	-1	16.0:0.10
23096905	blah	F7 ID365	np	Arg1098Cys	np	Cys1488Arg	blah	blah	BCVA	-1	50.0:0.62
23096905	blah	F8 ID394	np	Arg18Trp	np	Val767Asp	blah	blah	BCVA	-1	10.0:0.03
23096905	blah	F9 ID396	5584+5G>A	splice	1760+1G>A	splice	blah	blah	BCVA	-1	19.0:0.50
23096905	blah	F17 ID457	np	Tyr850Cys	np	Thr959Ala	blah	blah	BCVA	-1	50.0:1.00
10458172	blah	III.1, fam 1	np	Arg212Cys	np	Ile2113Met	blah	blah	BCVA	-1	10.0:0.10
10458172	blah	III.1, fam 3	np	Arg212Cys	np	Gly1977Ser	blah	blah	BCVA	-1	12.0:0.10
10711710	blah	431 S	np	R212C	np	R212C	blah	blah	BCVA	10	18.0:0.10
10711710	blah	433 D	np	R212C	np	R212C	blah	blah	BCVA	8	29.0:1.00
10711710	blah	260 D	250_251insCAAA	Ser84ThrfsTer16	np	G1961E	blah	blah	BCVA	35	41.0:0.10
10711710	blah	759 S	250_251insCAAA	Ser84ThrfsTer16	np	G1961E	blah	blah	BCVA	38	39.0:0.20
10711710	blah	631 S	5018+2T>C	splice	5018+2T>C	splice	blah	blah	BCVA	3	18.0:0.10
10711710	blah	624 D	np	R1640Q	np	G1961E	blah	blah	BCVA	18	40.0:0.10
10711710	blah	625 S	np	R1640Q	np	G1961E	blah	blah	BCVA	20	36.0:0.10
10711710	blah	636 S	np	E1087K	np	G1961E	blah	blah	BCVA	15	22.0:0.05
10711710	blah	632 D	250_251insCAAA	Ser84ThrfsTer16	np	V767D	blah	blah	BCVA	8	24.0:0.10
11702214	blah	1	4469G>A	Cys1490Tyr	5882G>A	Gly1961Glu	blah	blah	BCVA	29	32.0:0.10
11702214	blah	5	3295T>C	Ser1099Pro	6748delA	Lys2250AsnfsTer26	blah	blah	BCVA	26	33.0:0.10
11702214	blah	10	2933G>A	Gly978Asp	4577C>T	Thr1526Met	blah	blah	BCVA	10	13.0:0.10
11702214	blah	13	4793C>A	Ala1598Asp	4577C>T	Thr1526Met	blah	blah	BCVA	23	
11702214	blah	14	1957C>T	Arg653Cys	3292C>T	Arg1098Cys	blah	blah	BCVA	12	13.0:0.20
11702214	blah	17	5882G>A	Gly1961Glu	1387delTT	Leu464TerfsTer1	blah	blah	BCVA	14	21.0:0.10
11702214	blah	21	3056C>T	Thr1019Met	3056C>T	Thr1019Met	blah	blah	BCVA	10	14.0:0.05
11702214	blah	22	3056C>T	Thr1019Met	3056C>T	Thr1019Met	blah	blah	BCVA	10	10.0:0.20
11702214	blah	26	2461T>A	Trp821Arg	5714+5G>A	splice	blah	blah	BCVA	20	21.0:0.29
11702214	blah	29	3149G>A	Gly1050Asp	2860T>G	Tyr954Asp	blah	blah	BCVA	22	22.0:0.20
11702214	blah	30	3149G>A	Gly1050Asp	2860T>G	Tyr954Asp	blah	blah	BCVA	29	29.0:1.00
11702214	blah	33	4793C>A	Ala1598Asp	4956T>G	Tyr1652Ter	blah	blah	BCVA	17	16.0:0.20
12192456	blah	1a	5917delG	Val1973TerfsTer1	5917delG	Val1973TerfsTer1	blah	blah	BCVA	7	15.0:0.08
12192456	blah	1b	5917delG	Val1973TerfsTer1	5882G>A	Gly1961Glu	blah	blah	BCVA	9	13.0:0.67
12192456	blah	2	5584+5G>A	splice	4463G>A	Cys1488Tyr	blah	blah	BCVA	7	12.0:0.20
12192456	blah	3	5584+5G>A	splice	1086T>A	Tyr362Ter	blah	blah	BCVA	20	45.0:0.08
12192456	blah	4	1622T>C;3113C>T	Leu541Pro;Ala1038Val	2564G>A	Trp855Ter	blah	blah	BCVA	14	19.0:0.08
12192456	blah	5	1622T>C;3113C>T	Leu541Pro;Ala1038Val	2588G>C	Gly863Ala	blah	blah	BCVA	16	23.0:0.05
12192456	blah	8	5882G>A	Gly1961Glu	2292delT;2295T>G	Cys764TerfsTer1;Ser765Arg	blah	blah	BCVA	21	23.0:0.20
12192456	blah	9	5882G>A	Gly1961Glu	5018+1G>A	splice	blah	blah	BCVA	24	31.0:0.50
12192456	blah	10	5882G>A	Gly1961Glu	2041C>T	Arg681Ter	blah	blah	BCVA	16	33.0:0.05
12192456	blah	11a	5882G>A	Gly1961Glu	6609C>A	Tyr2203Ter	blah	blah	BCVA	26	28.0:0.10
12192456	blah	12	3292C>T	Arg1098Cys	6609C>A	Tyr2203Ter	blah	blah	BCVA	38	57.0:0.91
12192456	blah	13	3582insTGCA	Leu1195CysfsTer14	2291G>A	Cys764Tyr	blah	blah	BCVA	14	16.0:0.20
15161829	blah	224.1	4469G>A	Cys1490Tyr	1885C>T	Pro629Ser	blah	blah	BCVA	9	
15161829	blah	170.2	4469G>A	Cys1490Tyr	1885C>T	Pro629Ser	blah	blah	BCVA	10	
15161829	blah	241.1	4469G>A	Cys1490Tyr	2588G>C	Gly863Ala	blah	blah	BCVA	9	
15161829	blah	448.1	4469G>A	Cys1490Tyr	2588G>C	Gly863Ala	blah	blah	BCVA	20	
15161829	blah	113.3	4469G>A	Cys1490Tyr	6079C>T	Leu2027Phe	blah	blah	BCVA	10	
15161829	blah	209.1	4469G>A	Cys1490Tyr	6079C>T	Leu2027Phe	blah	blah	BCVA	18	
15161829	blah	165.4	4469G>A	Cys1490Tyr	768G>T	Val256Valsplice	blah	blah	BCVA	10	
15161829	blah	166.3	4469G>A	Cys1490Tyr	454C>T	Arg152Ter	blah	blah	BCVA	27	
15161829	blah	374.1	6079C>T	Leu2027Phe	6352delA	Arg2118GlufsTer27	blah	blah	BCVA	10	
15161829	blah	305.1	6079C>T	Leu2027Phe	6112C>T	Arg2038Trp	blah	blah	BCVA	18	
15161829	blah	377.1	6079C>T	Leu2027Phe	6112C>T	Arg2038Trp	blah	blah	BCVA	25	
15161829	blah	276.1	6079C>T	Leu2027Phe	634C>T	Arg212Cys	blah	blah	BCVA	27	
15161829	blah	123.1	768G>T	Val256Valsplice	454C>T	Arg152Ter	blah	blah	BCVA	9	
15161829	blah	105.1	768G>T	Val256Valsplice	454C>T	Arg152Ter	blah	blah	BCVA	10	
15161829	blah	9.4	2588G>C	Gly863Ala	454C>T	Arg152Ter	blah	blah	BCVA	27	
15161829	blah	330.2	455G>A	Arg152Gln	3047T>C	His1016Pro	blah	blah	BCVA	29	
15161829	blah	372.1	4328G>A	Arg1443His	6088C>T	Arg2030Ter	blah	blah	BCVA	31	
15161829	blah	141.3	4319T>C	Phe1440Ser	6147+7G>A	splice	blah	blah	BCVA	11	
15614537	blah	15168	683G>A	Ala228Asp	768G>T	Val256Valsplice	blah	blah	BCVA	15	52.0:0.79
15614537	blah	19504	683G>A	Ala228Asp	5584+5G>A	splice	blah	blah	BCVA	14	40.0:0.89
15614537	blah	7608	683G>A	Ala228Asp	768G>T	Val256Valsplice	blah	blah	BCVA	20	75.0:0.00
15614537	blah	12608	5461-10T>C	splice	5461-10T>C	splice	blah	blah	BCVA	12	41.0:0.00
15614537	blah	11366	768G>T	splice	768G>T	Val256Valsplice	blah	blah	BCVA	7	58.0:0.00
23953153	blah	3	768G>T	splice	6320G>A	Arg2107His	blah	blah	BCVA	53	66.0:0.66
23953153	blah	4	1760+1G>T	splice	4594G>T	Asp1532Tyr	blah	blah	BCVA	37	54.0:0.66
23953153	blah	5	1805G>A	Arg602Gln	3898C>T	Arg1300Ter	blah	blah	BCVA	57	57.0:0.66
23953153	blah	6	5461-10T>C	splice	6089G>A	Arg2030Gln	blah	blah	BCVA	65	65.0:1.00
23953153	blah	7	6089G>A	Arg2030Gln	6118C>T	Arg2040Ter	blah	blah	BCVA	54	54.0:1.00
23953153	blah	8	71G>A	Arg24His	4577C>T	Thr1526Met	blah	blah	BCVA	39	44.0:1.26
23953153	blah	9	658C>T	Arg220Cys	2588G>C	Gly863Ala	blah	blah	BCVA	35	35.0:0.66
23953153	blah	10	1957C>T	Arg653Cys	5693G>A	Arg1898His	blah	blah	BCVA	45	54.0:0.66
23953153	blah	11	2588G>C	Gly863Ala	4139C>T	Pro1380Leu	blah	blah	BCVA	43	43.0:1.26
23953153	blah	12	4139C>T	Pro1380Leu	4594G>T	Asp1532Tyr	blah	blah	BCVA	36	38.0:1.00
23953153	blah	13	4222T>C	Trp1408Arg	4918C>T	Arg1640Trp	blah	blah	BCVA	62	68.0:1.26
23953153	blah	14	4222T>C	Trp1408Arg	4918C>T	Arg1640Trp	blah	blah	BCVA	36	44.0:0.33
23953153	blah	15	4469G>A	Cys1490Tyr	6089G>A	Arg2030Gln	blah	blah	BCVA	46	46.0:1.26
23953153	blah	16	6079C>T	Leu2027Phe	6079C>T	Leu2027Phe	blah	blah	BCVA	44	44.0:1.00
24011517	blah	1	3602T>G	Leu1201Arg	np	R1108C	blah	blah	BCVA	20	25.0:0.10
24011517	blah	7	6320G>A	Arg2107His	5461-10T>C	splice	blah	blah	BCVA	42	45.0:0.31
24011517	blah	8	6320G>A	Arg2107His	174C>G	Asn58Lys	blah	blah	BCVA	30	31.0:0.66
24011517	blah	9	6320G>A	Arg2107His	6286G>A	Glu2096Lys	blah	blah	BCVA	11	16.0:0.79
23769331	blah	3	1622T>C	Leu541Pro	3113C>T	Ala1038Val	blah	blah	BCVA	3	8.0:0.06
23769331	blah	5	2791G>A	Val931Met	5114G>A	Arg1705Gln	blah	blah	BCVA	10	25.0:0.10
24428930	blah	2	np	L541V	np	A1038V	blah	blah	BCVA	29	29.0:0.67
24743636	blah	1	np	Gly1961Glu	np	Val1973del	blah	blah	BCVA	13	14.0:0.20
24743636	blah	2	768G>T	Val256Valsplice	3899G>A	Arg1300Gln	blah	blah	BCVA	15	17.0:0.29
24743636	blah	3	np	Gln1135Ter	np	Gly863Ala	blah	blah	BCVA	10	10.0:0.29
24743636	blah	4	np	Gln1135Ter	np	Gly863Ala	blah	blah	BCVA	7	7.0:0.80
24743636	blah	5	np	C1490Y	5584+5G>A	splice	blah	blah	BCVA	12	13.0:0.25
24743636	blah	6	np	C1490Y	5584+5G>A	splice	blah	blah	BCVA	10	10.0:0.80
25444351	blah	1	2588G>C;656G>C;1822T>A	Gly863Ala;Arg219Thr;Phe608Ile	2588G>C;656G>C;1822T>A	Gly863Ala;Arg219Thr;Phe608Ile	blah	blah	BCVA	7	18.0:0.50
25444351	blah	2	5461-10T>C	splice	5461-10T>C	splice	blah	blah	BCVA	8	14.0:0.13
25444351	blah	3	5461-10T>C	splice	5461-10T>C	splice	blah	blah	BCVA	6	17.0:0.01
25444351	blah	4	2947A>G	Thr983Ala	5461-10T>C	splice	blah	blah	BCVA	6	8.0:0.63
25444351	blah	5	768G>T	splice	443_570del	Gly148ValfsTer89	blah	blah	BCVA	6	57.0:0.01
25444351	blah	7	5461-10T>C	splice	5714+5G>A	splice	blah	blah	BCVA	6	40.0:0.05
25444351	blah	8	4462T>C	Cys1488Arg	2919_3328del	Ser974GlnfsTer64	blah	blah	BCVA	4	35.0:0.01
25444351	blah	12	768G>T	splice	5461-10T>C	splice	blah	blah	BCVA	7	8.0:0.06
25444351	blah	14	3874C>T	Gln1292Ter	6543_6578del	Leu2182ProfsTer81	blah	blah	BCVA	9	17.0:0.07
25444351	blah	15	4539+1G>T	splice	768G>T	splice	blah	blah	BCVA	3	14.0:0.10
25444351	blah	18	768G>T	splice	5461-10T>C	splice	blah	blah	BCVA	7	48.0:0.01
25444351	blah	19	768G>T	splice	5461-10T>C	splice	blah	blah	BCVA	6	43.0:0.01
25444351	blah	20	5161_5162delAC	Thr1721HisfsTer65	5882G>A	Gly1961Glu	blah	blah	BCVA	8	33.0:0.08
25444351	blah	21	2947A>G	Thr983Ala	4506C>A	Cys1502Ter	blah	blah	BCVA	8	64.0:0.01
25444351	blah	23	768G>T	splice	5461-10T>C	splice	blah	blah	BCVA	9	51.0:0.01
25444351	blah	24	5461-10T>C	splice	6320G>A	Arg2107His	blah	blah	BCVA	3	19.0:0.10
25444351	blah	25	214G>A	Gly72Arg	5461-10T>C	splice	blah	blah	BCVA	9	16.0:0.05
25444351	blah	26	5763insTG	Ala1922TrpfsTer18	2919_3328del	Ser974GlnfsTer64	blah	blah	BCVA	5	10.0:0.08
25444351	blah	27	455G>A	Arg152Gln	5461-10T>C	splice	blah	blah	BCVA	10	31.0:0.40
25444351	blah	30	5312+1G>A	splice	286A>G	Asn96Asp	blah	blah	BCVA	8	26.0:0.05
25444351	blah	31	2588G>C	Gly863Ala	4539+1G>T	splice	blah	blah	BCVA	10	22.0:0.01
25444351	blah	32	2588G>C	Gly863Ala	4539+1G>T	splice	blah	blah	BCVA	9	15.0:0.16
25444351	blah	33	1957C>T;6320G>A;3449G>A	Arg653Cys;Arg2107His;Cys1150Tyr	1957C>T;6320G>A;3449G>A	Arg653Cys;Arg2107His;Cys1150Tyr	blah	blah	BCVA	7	18.0:0.07
25444351	blah	34	5461-10T>C	splice	5537T>C	Ile1846Thr	blah	blah	BCVA	10	31.0:0.07
25444351	blah	36	872C>T;4224G>T	Pro291Leu;Trp1408Cys	2947A>G	Thr983Ala	blah	blah	BCVA	7	7.0:0.16
25444351	blah	37	1822T>A	Phe608Ile	5882G>A	Gly1961Glu	blah	blah	BCVA	8	22.0:0.07
25444351	blah	38	5882G>A	Gly1961Glu	5882G>A	Gly1961Glu	blah	blah	BCVA	10	13.0:0.30
25444351	blah	39	768G>T	splice	1822T>A	Phe608Ile	blah	blah	BCVA	10	16.0:0.07
25444351	blah	40	768G>T	splice	5461-10T>C	splice	blah	blah	BCVA	5	24.0:0.05
25444351	blah	41	1622T>C;3113C>T	Leu541Pro;Ala1038Val	1622T>C;3113C>T	Leu541Pro;Ala1038Val	blah	blah	BCVA	6	22.0:0.01
25444351	blah	45	3335C>A	Thr1112Asn	5461-10T>C	splice	blah	blah	BCVA	5	15.0:0.10
25444351	blah	46	1822T>A	Phe608Ile	5461-10T>C	splice	blah	blah	BCVA	7	31.0:0.01
25444351	blah	47	122G>A	Trp41Ter	286A>G	Asn96Asp	blah	blah	BCVA	9	20.0:0.14
25444351	blah	49	286A>G	Asn96Asp	286A>G	Asn96Asp	blah	blah	BCVA	8	18.0:0.10
25444351	blah	50	4773+1G>A	splice	5461-10T>C	splice	blah	blah	BCVA	9	14.0:0.16
25444351	blah	51	768G>T	splice	5113C>T	Arg1705Trp	blah	blah	BCVA	8	43.0:0.01
26780318	blah	10005	np	T1526M	4667+1G>T	splice	blah	blah	BCVA	10	10.0:0.79
26780318	blah	10006	np	Y808*	np	S561AfsTer7	blah	blah	BCVA	13	14.0:0.79
26780318	blah	10007	np	N965S	np	P1094T	blah	blah	BCVA	10	28.0:0.79
26780318	blah	10017	np	R511C	np	T1537M	blah	blah	BCVA	18	28.0:0.98
26780318	blah	10020	np	R1161H	6480-1G>T	splice	blah	blah	BCVA	20	37.0:0.91
26780318	blah	10027	np	A1402LfsTer2	np	H2032R	blah	blah	BCVA	13	21.0:0.93
26780318	blah	10031	np	Y808*	4773+1G>T	splice	blah	blah	BCVA	10	12.0:0.95
26780318	blah	10032	1937+5G>A	splice	np	N965S	blah	blah	BCVA	9	10.0:0.89
26780318	blah	10033	np	R508C	np	V1921M	blah	blah	BCVA	14	15.0:0.63
26780318	blah	10035	np	S34-L35del	np;np	E328V;E1036K	blah	blah	BCVA	9	9.0:0.79
26780318	blah	10038	np	I410T	np	W548R	blah	blah	BCVA	11	21.0:0.63
26780318	blah	10039	np	Y808*	np	M1045IfsTer13	blah	blah	BCVA	11	16.0:1.00
26780318	blah	10044	np	P1776L	np	L1259L	blah	blah	BCVA	8	8.0:0.79
26780318	blah	10045	np	V521SfsTer47	np	N965S	blah	blah	BCVA	32	35.0:0.93
26780318	blah	10046	np	A1773V	np	P2097S	blah	blah	BCVA	28	31.0:0.89
26780318	blah	10047	np	E1122K	np	F2188S	blah	blah	BCVA	13	15.0:0.50
26780318	blah	10051	np	L1699FfsTer3	np	F2188S	blah	blah	BCVA	10	12.0:0.79
26780318	blah	10058	np	Y808*	np	V521SfsTer47	blah	blah	BCVA	10	12.0:0.79
26780318	blah	10064	2587del;2587+1_2587+7del	Gly863GlufsTer38;splice	np	F2188S	blah	blah	BCVA	23	33.0:0.95
26780318	blah	10074	np	S34-L35del	np	S34-L35del	blah	blah	BCVA	16	17.0:0.91
26780318	blah	10075	np	P291L	np;np	E1036K;E328V	blah	blah	BCVA	35	36.0:0.79
26780318	blah	10077	np	Y808*	np	R24H	blah	blah	BCVA	13	26.0:0.63
26780318	blah	10083	np	R537C	np	G1961R	blah	blah	BCVA	27	28.0:0.79
26780318	blah	10084	np	S34-L35del	np	N965S	blah	blah	BCVA	10	10.0:0.63
26780318	blah	10086	np	G1591R	np	F2188S	blah	blah	BCVA	7	7.0:0.79
26780318	blah	10087	np	L1159S	np	L1159S	blah	blah	BCVA	6	11.0:0.89
26780318	blah	10091	5836-2A>G	splice	np	N1868I	blah	blah	BCVA	10	11.0:0.98
26780318	blah	10092	np	Q185*	np	R2040*	blah	blah	BCVA	10	11.0:0.83
26780318	blah	10093	np	I1130T	np	S1180S	blah	blah	BCVA	2	32.0:0.87
26780318	blah	10094	np	F2188S	np	C1140W	blah	blah	BCVA	27	37.0:0.79
26780318	blah	10096	858+2T>A	splice	5714+5G>A	splice	blah	blah	BCVA	12	17.0:0.50
26780318	blah	10098	np	Y1453*	np	F2188S	blah	blah	BCVA	9	12.0:0.79
26780318	blah	10107	np	I240R	np	R1300*	blah	blah	BCVA	23	24.0:0.87
26780318	blah	10108	np	R2030*	np	F2188S	blah	blah	BCVA	19	22.0:0.79
26780318	blah	10109	np	C81FfsTer17	np	E1122K	blah	blah	BCVA	7	8.0:0.79
26780318	blah	10117	3191-1G>T	splice	np	H2256YfsTer3	blah	blah	BCVA	23	34.0:0.89
26780318	blah	10123	np	R1640Q	np	C2017Y	blah	blah	BCVA	8	23.0:0.89
26780318	blah	10129	np	Y808*	np	F2188S	blah	blah	BCVA	11	24.0:0.79
26780318	blah	10133	np	R18P	np	F2188S	blah	blah	BCVA	9	11.0:0.50
26780318	blah	10135	np	V521SfsTer47	np	G1977S	blah	blah	BCVA	11	13.0:0.40
26780318	blah	10138	np	P593L	np	Y1652*	blah	blah	BCVA	12	29.0:0.95
26780318	blah	10139	np	R1108H	np	N1868I	blah	blah	BCVA	24	28.0:0.79
26780318	blah	10143	np	Y808*	np	F2188S	blah	blah	BCVA	9	13.0:0.79
26780318	blah	10151	np;np	E328V;E1036K	np	G607R	blah	blah	BCVA	9	10.0:0.85
26780318	blah	10152	np	V521SfsTer47	np	Q533*	blah	blah	BCVA	8	9.0:0.63
26780318	blah	10155	np	N965S	5197-1G>A	splice	blah	blah	BCVA	11	16.0:0.79
26780318	blah	10157	np	P1511H	np	C1140W	blah	blah	BCVA	41	51.0:0.63
26780318	blah	10162	np	Y808*	np	F2188S	blah	blah	BCVA	12	27.0:0.83
26780318	blah	10164	1099+1G>A	splice	np	G607R	blah	blah	BCVA	9	19.0:0.79
26780318	blah	10165	np	Y808*	np	S34-L35del	blah	blah	BCVA	8	8.0:0.63
26780318	blah	10166	np	V521SfsTer47	np	T1112PfsTer32	blah	blah	BCVA	7	8.0:0.85
26780318	blah	10168	np;np	I1074L;S34-L35del	np	S34-L35del	blah	blah	BCVA	8	13.0:0.79
26780318	blah	10183	np	D645N	np	R2040Q	blah	blah	BCVA	30	53.0:0.98
26780318	blah	10185	np	V2042G	np	C1140W	blah	blah	BCVA	14	27.0:0.79
26780318	blah	10189	np	G816V	np;np	I2023T;Y2036MfsTer25	blah	blah	BCVA	20	46.0:0.95
26780318	blah	10190	np	G72V	np	L973S	blah	blah	BCVA	13	13.0:0.89
26780318	blah	10193	np	E1122K	np	E1122K	blah	blah	BCVA	8	26.0:0.95
26780318	blah	10196	np	N965S	np	R2040*	blah	blah	BCVA	16	24.0:0.85
26780318	blah	10198	np	Y97C	np	R2030*	blah	blah	BCVA	15	18.0:0.63
26780318	blah	10200	np	R511C	np	R602W	blah	blah	BCVA	26	31.0:0.89
26780318	blah	10202	np	A2064T	np	C2150R	blah	blah	BCVA	15	19.0:0.79
26780318	blah	10207	np	N14K	np	R602W	blah	blah	BCVA	18	28.0:0.89
26780318	blah	10216	np	T1019M	np	P1503L	blah	blah	BCVA	11	15.0:0.79
26780318	blah	10222	np	E328V	np	E1036K	blah	blah	BCVA	44	54.0:0.87
26780318	blah	10224	np	R18P	np	Y326*	blah	blah	BCVA	9	19.0:0.91
26780318	blah	10226	np	T1176PfsTer20	np	T1176PfsTer20	blah	blah	BCVA	11	11.0:0.79
26780318	blah	10227	np	R1161H	np	W1724*	blah	blah	BCVA	14	22.0:0.63
26780318	blah	10230	np	Y345S	1937+1G>A	splice	blah	blah	BCVA	8	9.0:0.40
26780318	blah	10231	np	V521SfsTer47	np	K2078E	blah	blah	BCVA	9	10.0:0.79
26780318	blah	10234	np	F754S	np	G1623V	blah	blah	BCVA	43	43.0:0.50
26780318	blah	13017	np	Y808*	np	S974AfsTer7	blah	blah	BCVA	7	8.0:0.79
26780318	blah	19104	np	R653H	np	P1776L	blah	blah	BCVA	23	23.0:0.63
26780318	blah	19156	np	S34-L35del	np	G1977S	blah	blah	BCVA	15	16.0:0.63
26780318	blah	19179	np;np	C519R;G550R	np	C2017Y	blah	blah	BCVA	37	38.0:0.79
26780318	blah	19251	np	V521SfsTer47	np	S974AfsTer7	blah	blah	BCVA	19	20.0:0.89
26780318	blah	19442	np	Y808*	np	N965S	blah	blah	BCVA	12	50.0:0.93
26780318	blah	19491	4773+1G>T	splice	5196+1G>A	splice	blah	blah	BCVA	6	41.0:1.00
26780318	blah	19639	np;np	E328V;E1036K	np	Q533*	blah	blah	BCVA	8	49.0:1.00
26780318	blah	27005	np	N965S	np	R2040*	blah	blah	BCVA	10	10.0:0.79
26780318	blah	A1120	np	Y808*	np	N965S	blah	blah	BCVA	8	9.0:0.79
29114839	blah	famA II 1	np;np	Leu541Pro;Arg1443His	np	Asp915Asn	blah	blah	BCVA	8	13.0:0.10
29114839	blah	famB II 1	np;np	Leu541Pro;Arg1443His	np	Arg602Trp	blah	blah	BCVA	7	31.0:0.00
29114839	blah	famE II 1	np;np	Leu541Pro;Ala1038Val	3329-2A>T	splice	blah	blah	BCVA	7	59.0:0.00
29114839	blah	famE II 3	np;np	Leu541Pro;Ala1038Val	3329-2A>T	splice	blah	blah	BCVA	8	65.0:0.00
29114839	blah	famF II 1	np;np	Leu541Pro;Ala1038Val	np	Gly1961Glu	blah	blah	BCVA	10	11.0:0.67
29114839	blah	famG II 1	np;np	Ser1642Arg;Val1682_Val1686del	np	Val931Met	blah	blah	BCVA	14	37.0:0.13
29114839	blah	famH II 1	np;np	Ser1642Arg;Val1682_Val1686del	np	Glu1447Val	blah	blah	BCVA	8	10.0:0.10
29114839	blah	famI II 1	np;np	Ser1642Arg;Val1682_Val1686del	np	Arg602Trp	blah	blah	BCVA	8	26.0:0.00
29114839	blah	famJ II 2	np;np	Ser1642Arg;Val1682_Val1686del	np	Thr1019Met	blah	blah	BCVA	5	26.0:0.00
29114839	blah	famK II 2	np;np	Ser1642Arg;Val1682_Val1686del	np	Gly1961Glu	blah	blah	BCVA	32	32.0:0.25
29114839	blah	famK II 3	np;np	Ser1642Arg;Val1682_Val1686del	np	Gly1961Glu	blah	blah	BCVA	12	30.0:0.10
29114839	blah	famM II 1	np;np	Pro1761Arg;Arg2106Cys	np	Trp782Ter	blah	blah	BCVA	15	25.0:0.05
29114839	blah	famN II 2	np;np	Pro1761Arg;Arg2106Cys	np	Trp782Ter	blah	blah	BCVA	25	26.0:0.10
22661472	blah	4/2	np	G1961E	250_251insCAAA	Ser84ThrfsTer16	blah	blah	BCVA	-1	50.0:0.00
22661472	blah	5/2	np	G1961E	250_251insCAAA	Ser84ThrfsTer16	blah	blah	BCVA	-1	47.0:0.00
22661472	blah	6/3	np	G1961E	np	R2149*	blah	blah	BCVA	-1	33.0:0.00
22661472	blah	7/4	5917delG	Val1973TerfsTer1	5917delG	Val1973TerfsTer1	blah	blah	BCVA	-1	18.0:0.00
22661472	blah	8/5	np;np	L541P;A1038V	np;np	L541P;A1038V	blah	blah	BCVA	-1	16.0:0.00
22661472	blah	9/6	4848+2T>C	splice	np	G1961E	blah	blah	BCVA	-1	71.0:0.00
22661472	blah	11/7	np	Y850K	np	A1598D	blah	blah	BCVA	-1	46.0:0.00
22661472	blah	13/8	np	L541P	np	R1098C	blah	blah	BCVA	-1	35.0:0.00
22661472	blah	15/10	4848+2T>C	splice	np	G1961E	blah	blah	BCVA	-1	20.0:0.00
22661472	blah	16/11	np;np	L541P;A1038V	np;np	L541P;A1038V	blah	blah	BCVA	-1	20.0:0.00
22661472	blah	17/11	np;np	L541P;A1038V	np;np	L541P;A1038V	blah	blah	BCVA	-1	34.0:0.00
22661472	blah	18/11	np;np	L541P;A1038V	np;np	L541P;A1038V	blah	blah	BCVA	-1	18.0:0.00
22661472	blah	19/12	np;np	L541P;A1038V	np;np	L541P;A1038V	blah	blah	BCVA	-1	12.0:0.00
22661472	blah	20/13	np	R1443H	4848+2T>C	splice	blah	blah	BCVA	-1	28.0:0.00
22661472	blah	21/14	np	R653C	np	G1961E	blah	blah	BCVA	-1	34.0:0.00
22661472	blah	22/15	np	I1562T	np	R2149*	blah	blah	BCVA	-1	69.0:0.00
22661472	blah	23/15	np	I1562T	6147+1G>C	splice	blah	blah	BCVA	-1	46.0:0.00
22661472	blah	25/16	np	R212C	np	R212C	blah	blah	BCVA	-1	28.0:0.00
22661472	blah	26/17	np	R18W	np	C1490Y	blah	blah	BCVA	-1	13.0:0.00
22661472	blah	27/4	5917delG	Val1973TerfsTer1	5917delG	Val1973TerfsTer1	blah	blah	BCVA	-1	20.0:0.00
22661472	blah	28/4	5917delG	Val1973TerfsTer1	5917delG	Val1973TerfsTer1	blah	blah	BCVA	-1	23.0:0.00
22661472	blah	30/18	np	N965S	np	G1961E	blah	blah	BCVA	-1	29.0:0.00
22661472	blah	31/19	np	L541P	np	F655C	blah	blah	BCVA	-1	17.0:0.00
22661472	blah	38/20	np	L541P	np	G1961E	blah	blah	BCVA	-1	20.0:0.00
22661472	blah	39/21	np	G1961E	np	R2030*	blah	blah	BCVA	-1	20.0:0.00
22661472	blah	42/22	250_251insCAAA	Ser84ThrfsTer16	np	G1961E	blah	blah	BCVA	-1	43.0:0.00
22661472	blah	42/23	5584+5G>A	splice	2383-8G>A	splice	blah	blah	BCVA	-1	12.0:0.00
22661472	blah	44/24	np	G1961E	4736del6BPins2BP	Leu1580TerfsTer1	blah	blah	BCVA	-1	29.0:0.00
22661472	blah	46/25	np	G618R	np	G1972R	blah	blah	BCVA	-1	38.0:0.00
22661472	blah	48/26	4538insC	Gln1513HisfsTer42	np	G1961E	blah	blah	BCVA	-1	35.0:0.00
22661472	blah	50/27	4848+2T>C	splice	np	G1961E	blah	blah	BCVA	-1	13.0:0.00
22661472	blah	51/28	250_251insCAAA	Ser84ThrfsTer16	np	V767D	blah	blah	BCVA	-1	24.0:0.00
22661472	blah	52/29	np	L2027F	np	A1881V	blah	blah	BCVA	-1	14.0:0.00
22661472	blah	53/30	np	G1961E	np	R2030*	blah	blah	BCVA	-1	45.0:0.00
22661472	blah	54/30	np	V767D	np	R2030*	blah	blah	BCVA	-1	24.0:0.00
22661472	blah	55/31	np	N96H	5584+5G>A	splice	blah	blah	BCVA	-1	34.0:0.00
22661472	blah	56/32	4848+2T>C	splice	np	G1961E	blah	blah	BCVA	-1	48.0:0.00
22661472	blah	58/32	4848+2T>C	splice	np	G1961E	blah	blah	BCVA	-1	52.0:0.00
22661472	blah	60/33	250_251insCAAA	Ser84ThrfsTer16	np	G1961E	blah	blah	BCVA	-1	43.0:0.00
22661472	blah	61/34	np	R1640Q	np	G1961E	blah	blah	BCVA	-1	45.0:0.00
22661472	blah	64/35	np	C2150R	2626insTTT	Gln876_Ser877insF	blah	blah	BCVA	-1	33.0:0.00
22661472	blah	65/35	np	C2150R	2626insTTT	Gln876_Ser877insF	blah	blah	BCVA	-1	38.0:0.00
22661472	blah	66/36	np	N96D	5584+5G>A	splice	blah	blah	BCVA	-1	42.0:0.00
22661472	blah	67/37	769-2A>T	splice	769-2A>T	splice	blah	blah	BCVA	-1	14.0:0.00
22661472	blah	69/38	np	R511H	np	N529S	blah	blah	BCVA	-1	19.0:0.00
22661472	blah	70/39	5584+5G>A	splice	np	N965S	blah	blah	BCVA	-1	42.0:0.00
22661472	blah	72/40	np	N96D	np	L2140Q	blah	blah	BCVA	-1	33.0:0.00
22661472	blah	73/41	np	G690D	np	A1598D	blah	blah	BCVA	-1	17.0:0.00
22661472	blah	74/42	np	N96H	np	N96H	blah	blah	BCVA	-1	36.0:0.00
22661472	blah	75/43	4848+2T>C	splice	np	G1961E	blah	blah	BCVA	-1	45.0:0.00
22661472	blah	77/44	np	G1961E	np	G618R	blah	blah	BCVA	-1	19.0:0.00
22661472	blah	81/45	np	N96D	np	G1961E	blah	blah	BCVA	-1	66.0:0.00
22661472	blah	82/46	4538insC	Gln1513HisfsTer42	5584+5G>A	splice	blah	blah	BCVA	-1	41.0:0.00
22661472	blah	83/47	np	G1961E	6147+1G>C	splice	blah	blah	BCVA	-1	17.0:0.00
22661472	blah	84/47	np	G1961E	6147+1G>C	splice	blah	blah	BCVA	-1	26.0:0.00
22661472	blah	85/48	4848+2T>C	splice	5584+5G>A	splice	blah	blah	BCVA	-1	10.0:0.00
22661472	blah	87/40	np	N96D	np	L2140Q	blah	blah	BCVA	-1	25.0:0.00
22661472	blah	88/49	6147+1G>C	splice	np	R2149*	blah	blah	BCVA	-1	32.0:0.00
22661472	blah	89/50	np	P402A	250_251insCAAA	Ser84ThrfsTer16	blah	blah	BCVA	-1	14.0:0.00
22661472	blah	90/51	np	A1598D	np	R2030*	blah	blah	BCVA	-1	35.0:0.00
22661472	blah	94/52	np	A1598D	np	G1961E	blah	blah	BCVA	-1	30.0:0.00
26527198	blah	I-3	6148_6670delinsTGTGCACCTCCCTAG	Val2050CysfsTer5	302+68C>T;4539+2028C>T	deep;deep	blah	blah	BCVA	5	69.0:0.00
26527198	blah	I-5	6148_6670delinsTGTGCACCTCCCTAG	Val2050CysfsTer5	302+68C>T;4539+2028C>T	deep;deep	blah	blah	BCVA	5	67.0:0.05
26527198	blah	II-1	np	C54Y	302+68C>T;4539+2028C>T	deep;deep	blah	blah	BCVA	9	43.0:0.10
26527198	blah	II-2	302+68C>T;4539+2028C>T	deep;deep	np	G1961E	blah	blah	BCVA	30	40.0:0.20
26527198	blah	II-3	6148_6670delinsTGTGCACCTCCCTAG	Val2050CysfsTer5	np	G1961E	blah	blah	BCVA	30	37.0:0.13
26311262	blah	P2	np	A1357V	np	G1961E	blah	blah	BCVA	-1	55.0:1.00
26311262	blah	P4	np	E160*	np	R1108C	blah	blah	BCVA	-1	10.0:0.80
26311262	blah	P7	np	R1300*	np	R2106C	blah	blah	BCVA	-1	26.0:1.00
26311262	blah	P8	np	Q1003*	np	G1961E	blah	blah	BCVA	-1	25.0:1.00
27014590	blah	15	4793C>A	Ala1598Asp	5882G>A	Gly1961Glu	blah	blah	BCVA	12	30.0:0.00
27014590	blah	16	1622T>C;3113C>T	Leu541Pro;Ala1038Val	5882G>A	Gly1961Glu	blah	blah	BCVA	20	31.0:0.00
27014590	blah	17	5714+5G>A	splice	5917delT	Val1973TerfsTer1	blah	blah	BCVA	18	38.0:0.00
27014590	blah	19	1622T>C;3113C>T	Leu541Pro;Ala1038Val	4352+1G>A	splice	blah	blah	BCVA	10	12.0:0.00
27014590	blah	20	1622T>C;3113C>T	Leu541Pro;Ala1038Val	4352+1G>A	splice	blah	blah	BCVA	4	18.0:0.00
27014590	blah	21	1622T>C;3113C>T	Leu541Pro;Ala1038Val	4352+1G>A	splice	blah	blah	BCVA	7	11.0:0.00
27014590	blah	22	3323G>A	Arg1108His	5714+5G>A	splice	blah	blah	BCVA	18	35.0:0.00
27898983	blah	537	4832delC	Thr1611MetfsTer51	1043T>G	Phe348Cys	blah	blah	BCVA	18	
28050124	blah	K206â€“2	5646G>A	Met1882Ile	3523-2A>G	splice	blah	blah	BCVA	-1	26.0:0.05
28127548	blah	IRD027	5714+5G>A	splice	1375delA	Thr459GlnfsTer2	blah	blah	BCVA	-1	45.0:0.70
28127548	blah	IRD036	2099G>A	Trp700Ter	768G>T	splice	blah	blah	BCVA	-1	34.0:0.00
28127548	blah	IRD037	2099G>A	Trp700Ter	768G>T	splice	blah	blah	BCVA	-1	27.0:0.00
28127548	blah	IRD042	5882G>A	Gly1961Glu	634C>T	Arg212Cys	blah	blah	BCVA	-1	34.0:0.40
28127548	blah	IRD043	5882G>A	Gly1961Glu	1622T>C	Leu541Pro	blah	blah	BCVA	-1	13.0:0.80
28127548	blah	IRD050	2461T>A	Trp821Arg	2300T>A	Val767Asp	blah	blah	BCVA	-1	45.0:0.10
28127548	blah	IRD054	6445C>T	Arg2149Ter	5882G>A	Gly1961Glu	blah	blah	BCVA	-1	21.0:0.16
28127548	blah	IRD055	2842C>T	Arg948Cys	2300T>A	Val767Asp	blah	blah	BCVA	-1	59.0:0.25
28127548	blah	IRD061	5882G>A	Gly1961Glu	4139C>T	Pro1380Leu	blah	blah	BCVA	-1	30.0:0.16
28127548	blah	IRD062	5882G>A	Gly1961Glu	2549A>G	Tyr850Cys	blah	blah	BCVA	-1	29.0:0.80
28127548	blah	IRD073	2894A>G	Asn965Ser	2894A>G	Asn965Ser	blah	blah	BCVA	-1	47.0:0.00
28127548	blah	IRD077	5285C>A	Ala1762Asp	2300T>A	Val767Asp	blah	blah	BCVA	-1	8.0:0.12
28327576	blah	90137	np	V989A	5917del	Val1973TerfsTer1	blah	blah	BCVA	35	42.0:0.50
28327576	blah	76832	np	G1961E	np	H1406R	blah	blah	BCVA	15	44.0:0.20
28327576	blah	76828	np	G1961E	4734del	Leu1580TerfsTer1	blah	blah	BCVA	15	23.0:0.05
28327576	blah	90140	np	G1961E	6729+5_6729+19del	splice	blah	blah	BCVA	15	18.0:0.20
28327576	blah	90141	np	W31*	np	W31*	blah	blah	BCVA	15	34.0:0.00
28327576	blah	90142	np	G1961E	6729+5_6729+19del	splice	blah	blah	BCVA	5	39.0:0.10
28327576	blah	76910	885del	Leu296CysfsTer4	859-4A>G	splice	blah	blah	BCVA	15	56.0:0.00
28327576	blah	90143	66G>A;859-4A>G	splice;splice	np	Q2220*	blah	blah	BCVA	5	33.0:0.07
28327576	blah	90144	np	G1961E	np	G1136V	blah	blah	BCVA	35	39.0:1.00
28327576	blah	90145	np	G1961E	np	Q636H	blah	blah	BCVA	35	46.0:0.05
28327576	blah	90146	np	A2064V	np	A2064V	blah	blah	BCVA	35	41.0:0.50
28327576	blah	78017	859-4A>G	splice	5917del	Val1973TerfsTer1	blah	blah	BCVA	15	22.0:0.13
28327576	blah	90147	np	G1961E	np	G607W	blah	blah	BCVA	25	33.0:0.10
28327576	blah	90148	np	G1961E	np	R212C	blah	blah	BCVA	25	22.0:0.25
28327576	blah	90149	np	G1961E	np	R653C	blah	blah	BCVA	25	27.0:0.33
28327576	blah	90151	859-4A>G	splice	859-4A>G	splice	blah	blah	BCVA	25	31.0:0.40
28327576	blah	90152	859-4A>G	splice	859-4A>G	splice	blah	blah	BCVA	25	32.0:0.33
28327576	blah	90153	np	N965S	np	N965S	blah	blah	BCVA	15	62.0:0.13
28327576	blah	90154	np	G1961E	np	A1773V	blah	blah	BCVA	25	23.0:0.67
28327576	blah	90155	np	V675I	np	M1882I	blah	blah	BCVA	45	50.0:0.25
28327576	blah	90162	np	G1748E	np	R2106H	blah	blah	BCVA	15	25.0:0.20
28327576	blah	90163	np	G1961E	np	G1961E	blah	blah	BCVA	55	51.0:0.67
28327576	blah	76834	np	G1961E	160+2T>C	splice	blah	blah	BCVA	15	31.0:0.10
28327576	blah	90165	np	G1961E	np	L2033H	blah	blah	BCVA	15	32.0:0.40
28327576	blah	76906	np	R511C	np	R511C	blah	blah	BCVA	35	46.0:0.10
28327576	blah	90166	np	G1961E	6479+1G>A	splice	blah	blah	BCVA	15	31.0:0.08
28327576	blah	90167	np;np	A60V;T1277M	np;np	A60V;T1277M	blah	blah	BCVA	5	16.0:0.10
28327576	blah	90168	np	W31R	np	W31R	blah	blah	BCVA	5	25.0:0.06
28327576	blah	90169	np	Y665*	np	V989A	blah	blah	BCVA	15	19.0:0.12
28327576	blah	90170	np	Y665*	np	V989A	blah	blah	BCVA	5	13.0:0.16
28947085	blah	1	np	R408*	np	F1417del	blah	blah	BCVA	3	7.0:0.03
28947085	blah	2	np	L296fs	np	R537C	blah	blah	BCVA	7	10.0:0.05
28947085	blah	3	5312+1G>A	splice	np	R2030*	blah	blah	BCVA	10	10.0:0.10
28947085	blah	4	np	R408*	np	F1417del	blah	blah	BCVA	4	14.0:0.03
28947085	blah	5	np	R408*	np	T1979fs	blah	blah	BCVA	6	16.0:0.05
28947085	blah	7	np	R602W	np	C641*	blah	blah	BCVA	7	22.0:0.05
28947085	blah	8	571-1G>T	splice	2160+1G>C	splice	blah	blah	BCVA	9	26.0:0.05
28947085	blah	9	571-1G>T	splice	2160+1G>C	splice	blah	blah	BCVA	9	27.0:0.05
28947085	blah	10	np	R602W	np	R1300*	blah	blah	BCVA	8	29.0:0.01
28947085	blah	11	np	T1346fs	np	T1346fs	blah	blah	BCVA	7	29.0:0.05
28947085	blah	12	5461-10T>C	splice	1239+1G>C	splice	blah	blah	BCVA	6	30.0:0.10
28947085	blah	13	np	S1185*	np	R2106H	blah	blah	BCVA	9	30.0:0.05
28947085	blah	14	np	W31*	np	P1380L	blah	blah	BCVA	10	33.0:0.05
28947085	blah	15	np	P1380L	np	P1380L	blah	blah	BCVA	10	34.0:0.07
28947085	blah	16	5018+2T>C	splice	5018+2T>C	splice	blah	blah	BCVA	9	41.0:0.01
29847635	blah	2	214G>A	Gly72Arg	5882G>A	Gly1961Glu	blah	blah	BCVA	-1	22.0:0.67
29847635	blah	3	214G>A	Gly72Arg	5882G>A	Gly1961Glu	blah	blah	BCVA	-1	28.0:0.10
29847635	blah	4	213insG	Ile73AspfsTer26	1654G>A	Val552Ile	blah	blah	BCVA	-1	30.0:0.67
29847635	blah	5	5380G>C	Ala1794Pro	5380G>C	Ala1794Pro	blah	blah	BCVA	-1	11.0:0.10
29847635	blah	10	5461-10T>C	splice	6079C>T	Leu2027Phe	blah	blah	BCVA	-1	36.0:0.10
29847635	blah	11	1099+1G>C	splice	1343T>A	Met448Lys	blah	blah	BCVA	-1	45.0:0.05
