PubMed	Reference	Patient ID in the publication	cDNA	protein	cDNA	protein	Segregation (haplotype) tested	Comment	Value reported	Age of onset	Age measured	OD	OS	Age measured	OD	OS
30060493	Nassisi (2018) Int J Mol Sci 19:	CIC00130	c.6693del	p.Ile2231Metfs*16	c.6079C>T	p(Leu2027Phe	Yes		logMAR	12	21	1	1			
30060493	Nassisi (2018) Int J Mol Sci 19:	CIC00467	c.2572dup	p.Asp858Glyfs*27	c.4926C>G	p.Ser1642Arg	Yes		logMAR	10	60	1.6	1.6			
30060493	Nassisi (2018) Int J Mol Sci 19:	CIC01080	c.1050del	p.Ile351Leufs*23	c.2819C>G	p.Pro940Arg	Yes		logMAR	8	43	2	2			
30060493	Nassisi (2018) Int J Mol Sci 19:	CIC01199	c.6181_6184del	p.Thr2061Serfs*53	c.5882G>A	p.Gly1961Glu	Yes		logMAR	10	41	0.7	0.7			
30060493	Nassisi (2018) Int J Mol Sci 19:	CIC01301	c.1556G>A	p.Cys519Tyr	c.3292C>T	p.Arg1098Cys	Yes		logMAR	45	55	1.2	1.1			
30060493	Nassisi (2018) Int J Mol Sci 19:	CIC02505	c.3811G>C	p.Glu1271Gln	c.3386G>T	p.Arg1129Leu	Yes		logMAR	61	65	1.25	1.5			
30060493	Nassisi (2018) Int J Mol Sci 19:	CIC02690	c.4129−3C>A		c.5461-10T>C	p. [Thr1821Valfs, Thr1821Aspfs]	Yes		logMAR	8	17	1.5	1.5			
30060493	Nassisi (2018) Int J Mol Sci 19:	CIC02804	c.1252T>C	p.Phe418Leu	c.6005+1del		Yes		logMAR	44	48	1.25	1			
30060493	Nassisi (2018) Int J Mol Sci 19:	CIC01750	c.3966del	p.Ala1324Argfs*65	c.4918C>T	p.Arg1640Trp	Yes		logMAR	9	36	1.3	1.3			
30060493	Nassisi (2018) Int J Mol Sci 19:	CIC03252	c.4689del	p.Gly1564Glufs*17	c.2588G>C	p.Gly863Ala	Yes		logMAR	15	27	1	1			
30060493	Nassisi (2018) Int J Mol Sci 19:	CIC03710	c.6191C>T	p.Ala2064Val	c.4537dup	p.Gln1513Profs*42	Yes		logMAR	10	23	0.8	0.8			
30060493	Nassisi (2018) Int J Mol Sci 19:	CIC03734	c.53G>A	p.Arg18Gln	c.5882G>A	p.Gly1961Glu	Yes		logMAR	20	40	0.9	0.9			
30060493	Nassisi (2018) Int J Mol Sci 19:	CIC04176	c.3682G>T	p.Glu1228*	c.3322C>T	p.Arg1108Cys	Yes		logMAR	20	27	0.9	0.9			
30060493	Nassisi (2018) Int J Mol Sci 19:	CIC04197	c.1706A>G	p.Tyr569Cys	c.5603A>T	p.Asn1868Ile	Yes		logMAR	71	75	1	1.6			
30060493	Nassisi (2018) Int J Mol Sci 19:	CIC04235	c.1050del	p.Ile351Leufs*23	c.5351T>C	p.Leu1784Pro	Yes		logMAR	11	57	1.4	1.2			
30060493	Nassisi (2018) Int J Mol Sci 19:	CIC04259	c.3080A>G	p.Tyr1027Cys	c.5381C>A	p.Ala1794Asp	Yes		logMAR	20	62	0.3	1.6			
30060493	Nassisi (2018) Int J Mol Sci 19:	CIC04571	c.6250G>A	p.Ala2084Thr	c.2894A>G	p.Asn965Ser	Yes		logMAR	16	20	0.9	0.9			
30060493	Nassisi (2018) Int J Mol Sci 19:	CIC05266	c.1201A>C	p.Thr401Pro	c.2588G>C	p.Gly863Ala	Yes		logMAR	15	18	0.9	0.9			
30060493	Nassisi (2018) Int J Mol Sci 19:	CIC05899	c.3811G>C	p.Glu1271Gln	c.5882G>A	p.Gly1961Glu	Yes		logMAR	24	42	0.9	0.8			
30060493	Nassisi (2018) Int J Mol Sci 19:	CIC06088	c.972_973delinsAT	p.Cys324 *	c.3386G>T	p.Arg1129Leu	Yes		logMAR	17	48	1.2	1.2			
30060493	Nassisi (2018) Int J Mol Sci 19:	CIC06126	c.2299del; c.5603A>T	p.Val767Serfs*20; p.Asn1868Ile	c.2588G>C	p.Gly863Ala	Yes		logMAR	41	47	0.2	0.3			
30060493	Nassisi (2018) Int J Mol Sci 19:	CIC06346	c.1648_1659del	p.Gly550_Phe553del	c.5882G>A	p.Gly1961Glu	Yes		logMAR	35	40	0.3	0.8			
30060493	Nassisi (2018) Int J Mol Sci 19:	CIC06396	c.6436_6437insT	p.Gly2146Valfs*36	c.6436_6437insT	p.Gly2146Valfs*36	Yes		logMAR	9	27	0.9	0.9			
30060493	Nassisi (2018) Int J Mol Sci 19:	CIC06727	c.4510_4535del	p.Glu1504Profs*42	c.4139C>T	p.Pro1380Leu	Yes		logMAR	12	14	1.1	1.1			
30060493	Nassisi (2018) Int J Mol Sci 19:	CIC06749	c.902del	p.Arg301Serfs*15	c.6320G>A	p.Arg2107His	Yes		logMAR	42	50	1.1	1.1			
30060493	Nassisi (2018) Int J Mol Sci 19:	CIC06908	c.570+1_570+8del		c.5603A>T	p.Asn1868Ile	Yes		logMAR	35	41	0	0.2			
30060493	Nassisi (2018) Int J Mol Sci 19:	CIC07036	c.5282C>G	p.Pro1761Arg	c.5882G>A	p.Gly1961Glu	Yes		logMAR	24	31	0.8	0.8			
30060493	Nassisi (2018) Int J Mol Sci 19:	CIC07120	c.3825G>C; c.5603A>T	p.Lys1275Asn; p.Asn1868Ile	c.3322C>T	p.Arg1108Cys	Yes		logMAR	29	60	1.1	0.6			
30060493	Nassisi (2018) Int J Mol Sci 19:	CIC07308	c.1050del	p.Ile351Leufs*23	c.5882G>A	p.Gly1961Glu	Yes		logMAR	17	26	0.9	0.9			
30060493	Nassisi (2018) Int J Mol Sci 19:	CIC07436	c.5898+2T>C		c.5642C>T	p.Ala1881Val	Yes		logMAR	12	32	1	0.4			
30060493	Nassisi (2018) Int J Mol Sci 19:	CIC07725	c.1019A>G	p.Tyr340Cys	c.1019A>G	p.Tyr340Cys	Yes		logMAR	9	10	1	1			
30060493	Nassisi (2018) Int J Mol Sci 19:	CIC07748	c.6284A>G	p.Asp2095Gly	c.3323G>A	p.Arg1108His	Yes		logMAR	14	32	1.1	1.1			
30060493	Nassisi (2018) Int J Mol Sci 19:	CIC07749	c.1895T>A; c.3602T>G	p.Ile632Asn; p.Leu1201Arg	c.4700C>T	p.Pro1567Leu	Yes		logMAR	16	30	0.7	0.7			
30060493	Nassisi (2018) Int J Mol Sci 19:	CIC07744	c.4061A>C; c.872C>T	p.His1354Pro; p.Pro291Leu	c.1927G>A	p.Val643Met	Yes		logMAR	23	27	0.9	0.9			
30060493	Nassisi (2018) Int J Mol Sci 19:	CIC07831	c.5332A>T	p.Met1778Leu	c.3899G>A	p.Arg1300Gln	Yes		logMAR	10	10	1	0.2			
30060493	Nassisi (2018) Int J Mol Sci 19:	CIC07887	c.686T>C	p.Leu229Pro	c.5882G>A	p.Gly1961Glu	Yes		logMAR	17	20	0.2	0.2			
30060493	Nassisi (2018) Int J Mol Sci 19:	CIC07895	c.686T>C	p.Leu229Pro	c.3602T>G	p.Leu1201Arg	Yes		logMAR	16	17	1	1			
30060493	Nassisi (2018) Int J Mol Sci 19:	CIC07960	c.5282C>G	p.Pro1761Arg	c.3819dup	p.Leu1274Serfs*8	Yes		logMAR	8	38	1.1	1.1			
30060493	Nassisi (2018) Int J Mol Sci 19:	CIC07994	c.4324A>G	p.Asn1442Asp	c.194G>A	p.Gly65Glu	Yes		logMAR	22	24	1	1.1			
30060493	Nassisi (2018) Int J Mol Sci 19:	CIC08194	c.4178_4192del; c.6148G>C	p.Val1393_Phe1397del; p.Val2050Leu	c.5603A>T	p.Asn1868Ile	Yes		logMAR	16	19	0.9	1			
30060493	Nassisi (2018) Int J Mol Sci 19:	CIC08262	c.5342C>A	p.Ala1781Glu	c.286A>G	p.Asn96Asp	Yes		logMAR	12	20	0.7	0.7			
30060493	Nassisi (2018) Int J Mol Sci 19:	CIC08283	c.4663_4664del	p.Gln1555Glufs*41	c.5603A>T	p.Asn1868Ile	Yes		logMAR	48	68	0	0.2			
30060493	Nassisi (2018) Int J Mol Sci 19:	CIC08359	c.5384T>C	p.Leu1795Ser	c.2588G>C	p.Gly863Ala	Yes		logMAR	20	48	1	1			
30060493	Nassisi (2018) Int J Mol Sci 19:	CIC08372	c.1099+1G>C		c.3322C>T	p.Arg1108Cys	Yes		logMAR	14	14	2	1.6			
30060493	Nassisi (2018) Int J Mol Sci 19:	CIC08381	c.6816+1G>T		c.2023G>A	p.Val675Ile	Yes		logMAR	24	66	1	1.3			
30060493	Nassisi (2018) Int J Mol Sci 19:	CIC08439	c.5332A>T	p.Met1778Leu	c.6394G>T	p.Glu2132 *	Yes		logMAR	43	73	0.2	0.1			
30060493	Nassisi (2018) Int J Mol Sci 19:	CIC07985	c.2169_2172dup; c.6079C>T	p.Leu725Asnfs*42; p.Leu2027Phe	c.6454G>A	p.Gly2152Ser	Yes		logMAR	16	18	0.7	0.7			
30060493	Nassisi (2018) Int J Mol Sci 19:	CIC08538	c.3311T>C	p.Leu1104Pro	c.6816+1G>A		Yes		logMAR	16	36	1.4	1			
30060493	Nassisi (2018) Int J Mol Sci 19:	CIC08581	c.6746C>A; c.5882G>A	p.Ala2249Asp; p.Gly1961Glu	c.1819G>A	p.Gly607Arg	Yes		logMAR	18	46	0.9	0.9			
30060493	Nassisi (2018) Int J Mol Sci 19:	CIC08724	c.2083G>C	p.Val695Leu	c.6445C>T	p.Arg2149 *	Yes		logMAR	14	30	1	1			
30060493	Nassisi (2018) Int J Mol Sci 19:	CIC08932	c.4775G>A	p.Gly1592Asp	c.288C>A	p.Asn96Lys	Yes		logMAR	9	11	1	1			
30060493	Nassisi (2018) Int J Mol Sci 19:	CIC09114	c.6704C>G	p.Ser2235 *	c.3113C>T	p.Ala1038Val	Yes		logMAR	30	31	0.4	0.5			
30060493	Nassisi (2018) Int J Mol Sci 19:	CIC09219	c.4696C>T	p.Leu1566Phe	c.3056C>T	p.Thr1019Met	Yes		logMAR	24	29	0.9	0.9			
30060493	Nassisi (2018) Int J Mol Sci 19:	CIC09374	c.6455G>T	p.Gly2152Val	c.1222C>T	p.Arg408*	Yes		logMAR	9	9	0.9	0.9			
30060493	Nassisi (2018) Int J Mol Sci 19:	CIC09382	c.978C>A	p.Tyr326 *	c.5898+2T>C		Yes		logMAR	15	17	0.7	0.7			
30060493	Nassisi (2018) Int J Mol Sci 19:	CIC09405	c.2443C>T	p.Gln815 *	c.5882G>A	p.Gly1961Glu	Yes		logMAR	8	21	0.8	0.8			
30060493	Nassisi (2018) Int J Mol Sci 19:	CIC09601	c.5282C>G	p.Pro1761Arg	c.3279C>A	p.Asp1093Glu	Yes		logMAR	35	51	0.1	0.9			
30060493	Nassisi (2018) Int J Mol Sci 19:	CIC09848	c.859−2A>G		c.872C>T	p.Pro291Leu	Yes		logMAR	12	17	1.1	1			
30060493	Nassisi (2018) Int J Mol Sci 19:	CIC09857	c.6110C>A	p.Ala2037Asp	c.5461−10T>C	p. [Thr1821Valfs, Thr1821Aspfs]	Yes		logMAR	12	13	0.9	0.9			
30060493	Nassisi (2018) Int J Mol Sci 19:	CIC09625	c.1301T>G	p.Val434Gly	c.1301T>G	p.Val434Gly	Yes		logMAR	9	9	0.9	0.9			
30093795	Salles (2018) Mol Vis 24:546	1	c.4926C>G; c.5044_5058del15	p.Ser1642Arg; p.Val1682_Val1686del	c.5882G>A	p.Gly1961Glu	Yes		BCVA	12	30	20/200	20/200			
30093795	Salles (2018) Mol Vis 24:546	9	c.6112C>T	p.Arg2038Trp	c.6320G>A	p.Arg2107His	No		BCVA	11	35	20/200	20/150			
30093795	Salles (2018) Mol Vis 24:546	49	c.5282C>G; c.6316C>T	p.Pro1761Arg; p.Arg2106Cys	c.2345G>A	p.Trp782*	Yes		BCVA	15	25	20/400	20/400			
30093795	Salles (2018) Mol Vis 24:546	43	c.5882G>A	p.Gly1961Glu	c.66G>T	p.Lys22Asn	Yes		BCVA	19	20	20/60	20/60			
30093795	Salles (2018) Mol Vis 24:546	51	c.1622T>C; c.3113C>T	p.Leu541Pro; p.Ala1038Val	c.5882G>A	p.Gly1961Glu	Yes		BCVA	10	11	20/30	20/30			
30093795	Salles (2018) Mol Vis 24:546	28	c.70C>T	p.Arg24Cys	c.1804C>T	p.Arg602Trp	No		BCVA	16	26	20/50	20/60			
30093795	Salles (2018) Mol Vis 24:546	33	c.3862+1G>A		c.3862+1G>A		Yes	Cosanguinity	BCVA	10	10	20/200	20/200			
30093795	Salles (2018) Mol Vis 24:546	35	c.6079C>T	p.Leu2027Phe	c.6250G>C	p.Ala2084Pro	Yes		BCVA	20	20	20/25	20/25			
30093795	Salles (2018) Mol Vis 24:546	48	c.5882 G>A; c.3113 C>T	p.Gly1961Glu; p.Ala1038Val	c.1364T>A	p.Leu455Gln	Yes		BCVA	32	32	20/60	20/150			
30093795	Salles (2018) Mol Vis 24:546	3	c.4926C>G; c.5044_5058del15	p.Ser1642Arg; p.Val1682_Val1686del	c.2791G>A	p.Val931Met	Yes		BCVA	14	37	20/150	20/150			
30093795	Salles (2018) Mol Vis 24:546	5	c.3898C>T	p.Arg1300*	c.1804C>T	p.Arg602Trp	No		BCVA	7	17	20/200	20/200			
30093795	Salles (2018) Mol Vis 24:546	12	c.4328G>A; c.1622T>C	p.Leu541Pro; p.Arg1443His	c.2743G>A	p.Asp915Asn	Yes		BCVA	8	13	20/200	20/200			
30093795	Salles (2018) Mol Vis 24:546	18	c.634C>T	p.Arg212Cys	c.1804C>T	p.Arg602Trp	No		BCVA	6	31	20/400	20/400			
30093795	Salles (2018) Mol Vis 24:546	19	c.634C>T	p.Arg212Cys	c.1804C>T	p.Arg602Trp	No		Finger counting	11	26	1,5 m	1,5 m			
30093795	Salles (2018) Mol Vis 24:546	22	c.4926C>G; c.5044_5058del15	p.Ser1642Arg; p.Val1682_Val1686del	c.4340A>T	p.Glu1447Val	Yes		BCVA/Finger counting	8	10	20/200	2 m			
30093795	Salles (2018) Mol Vis 24:546	46	c.5461–10T>C	p.[Thr1821Valfs*13, Thr1821Aspfs*6]	c.1804C>T	p.Arg602Trp	No		BCVA	9	10	20/200	20/200			
30093795	Salles (2018) Mol Vis 24:546	47	c.1622T>C; c.4328G>A	p.Leu541Pro; p.Arg1443His	c.286A>G	p.Asn96Asp	Yes		BCVA	7	26	20/400	20/400			
30093795	Salles (2018) Mol Vis 24:546	50	c.1804C>T	p.Arg602Trp	c.5381C>A	p.Ala1794Asp	Yes		BCVA	15	31	20/400	20/400			
30093795	Salles (2018) Mol Vis 24:546	4	c.286A>G	p.Asn96Asp	c.286A>G	p.Asn96Asp	No	Cosanguinity	BCVA	23	39	20/400	20/400			
30093795	Salles (2018) Mol Vis 24:546	6	c.286A>G	p.Asn96Asp	c.286A>G	p.Asn96Asp	No	Cosanguinity	Finger counting	14	47	2 m	2 m			
30093795	Salles (2018) Mol Vis 24:546	10	c.4926C>G; c.5044_5058del15	p.Ser1642Arg; p.Val1682_Val1686del	c.3056C>T	p.Thr1019Met	Yes		Finger counting	5	26	2 m	1 m			
30093795	Salles (2018) Mol Vis 24:546	13	c.4926C>G; c.5044_5058del15	p.Ser1642Arg; p.Val1682_Val1686del	c.1804C>T	p.Arg602Trp	Yes		Finger counting	8	26	50 cm	2 m			
30093795	Salles (2018) Mol Vis 24:546	15	c.5714+5G>A		c.6005+1G>T		No		Finger counting	12	40	20 cm	10 cm			
30093795	Salles (2018) Mol Vis 24:546	17	c.1622T>C; c.3113C>T	p.Leu541Pro; p.Ala1038Val	c.3329–2A>T		Yes		Hand movement/finger counting	7	59	HM	10 cm			
30093795	Salles (2018) Mol Vis 24:546	20	c.1622T>C; c.3113C>T	p.Leu541Pro; p.Ala1038Val	c.3329–2A>T		Yes		Hand movement	8	65	HM	HM			
30093795	Salles (2018) Mol Vis 24:546	23	c.1622T>C; c.4328G>A	p.Leu541Pro; p.Arg1443His	c.1804C>T	p.Arg602Trp	Yes		Finger counting	7	31	1,5 m	1,5 m			
30093795	Salles (2018) Mol Vis 24:546	24	c.4457C>T	p.Pro1486Leu	c.1804C>T	p.Arg602Trp	No		Finger counting	15	46	1,5 m	1,5 m			
30093795	Salles (2018) Mol Vis 24:546	30	c.6088C>T	p.Arg2030*	c.6088C>T	p.Arg2030*	Yes		Finger counting/BCVA	7	38	1,5 m	20/400			
30093795	Salles (2018) Mol Vis 24:546	37	c.4003_4004delCC	p.Pro1335Argfs*86	c.658C>T	p.Arg220Cys	No		BCVA	28	31	20/30	20/30			
30093795	Salles (2018) Mol Vis 24:546	42	c.2894 A>G	p.Asn965Ser	c.5381C>A	p.Ala1794Asp	Yes		BCVA	17	38	20/400	20/400			
30093795	Salles (2018) Mol Vis 24:546	25	c.5044_5058del15	p.Val1682_Val1686del	c.1804C>T	p.Arg602Trp	No		BCVA	7	26	20/400	20/400			
30093795	Salles (2018) Mol Vis 24:546	45	c.1804C>T	p.Arg602Trp	c.3386G>T	p.Arg1129Leu	Yes		BCVA	18	61	20/400	20/400			
30093795	Salles (2018) Mol Vis 24:546	27	c.868C>T; c.2690C>T	p.Arg290Trp; p.Thr897Ile	c.5882G>A	p.Gly1961Glu	No		BCVA	40	61	20/400	20/400			
30093795	Salles (2018) Mol Vis 24:546	38	c.32T>C	p. Leu11Pro	c.3113C>T	p. Ala1038Val	Yes		BCVA	20	21	20/400	20/400			
30563929	Xiang (2019) Biosci Rep 39:	proband	c.3607G>T	p.Gly1203Trp	c.6722T>C	p.Leu2241Pro	Yes		BCVA	6	35	20/66	20/200			
28726568	Abalem (2018) Ophthalmic Genet 39:87	proband	c.3523-2A>G		c.2249T>C	p.L750P	No		BCVA/finger counting	6	6	20/200	20/150	10	4 ft 	20/500
25312043	Fujinami (2015) Ophthalmology 122:326	2	c.1957C>T	p.Arg653Cys	c.6088C>T	p.Arg2030*	No	Cosanguinous family	logMAR	6	7	0.48	0.48			
25312043	Fujinami (2015) Ophthalmology 122:326	3	c.[6479+1G>A]		c.6479+1G>A		No	Cosanguinous family	logMAR	7	7	1.3	1.2			
25312043	Fujinami (2015) Ophthalmology 122:326	5	c.2712delG	p.Glu905fs	c.2712delG	p.Glu905fs	No		logMAR	5	8	1	1			
25312043	Fujinami (2015) Ophthalmology 122:326	6	c.3289A>T	p.Arg1097*	c.5196+1G>A		No		logMAR	7	8	1.3	1.4			
25312043	Fujinami (2015) Ophthalmology 122:326	7	c.634C>T	p.Arg212Cys	c.5461-10T>C		No		logMAR	7	8	0.48	0.4	14	0.8	0.7
25312043	Fujinami (2015) Ophthalmology 122:326	8	c.3081T>G	p.Tyr1027*	c.3081T>G	p.Tyr1027*	No	Cosanguinous family	logMAR	6	8	0.48	0.48	15	1.4	1.6
25312043	Fujinami (2015) Ophthalmology 122:326	9	c.4469G>A	p.Cys1490Tyr	c.5461-10T>C		No		logMAR	7	9	0.6	0.2	13	1.1	1
25312043	Fujinami (2015) Ophthalmology 122:326	10	c.3259G>A	p.Glu1087Lys	c.5461-10T>C		No		logMAR	8	9	0.7	0.7	13	1.1	1.2
25312043	Fujinami (2015) Ophthalmology 122:326	11	c.3322C>T	p.Arg1108Cys	c.4469G>A	p.Cys1490Tyr	No		logMAR	9	9	0.48	0.48	14	1.3	1.2
25312043	Fujinami (2015) Ophthalmology 122:326	13	c.3322C>T	p.Arg1108Cys	c.4577C>T	p.Thr1526Met	No		logMAR	7	9	0.48	0.48	16	0.8	0.8
25312043	Fujinami (2015) Ophthalmology 122:326	14	c.4216C>T	p.His1406Tyr	c.4222T>C; c.4918C>T	p.Trp1408Arg; p.Arg.1640Trp	No		logMAR	8	9	0.6	0.48	16	1	1
25312043	Fujinami (2015) Ophthalmology 122:326	16	c.2861A>C	p.Tyr954Ser	c.5461-10T>C		No		logMAR	8	10	1	1	11	1	1.1
25312043	Fujinami (2015) Ophthalmology 122:326	17	c.768G>T	splice	c.4363T>C	p.Cys1455Arg	No	Cosanguinous family	logMAR	5	10	0.3	0.3	14	0.3	0.3
25312043	Fujinami (2015) Ophthalmology 122:326	18	c.1906C>T	p.Gln636*	c.5461-10T>C		No	Cosanguinous family	logMAR	9	11	0.5	0.4			
25312043	Fujinami (2015) Ophthalmology 122:326	20	c.21dupA	p.Gln8fs	c.5461-10T>C		No		logMAR	10	11	0.78	0.78			
25312043	Fujinami (2015) Ophthalmology 122:326	21	c.1317G>A	p.Trp439*	c.4139C>T	p.Pro1380Leu	No		logMAR	10	11	0.54	0.12	13	0.8	0.3
25312043	Fujinami (2015) Ophthalmology 122:326	22	c.5461-10T>C		c.6079C>T	p.Leu2027Phe	No		logMAR	8	11	1	1	16	1	/
25312043	Fujinami (2015) Ophthalmology 122:326	24	c.4363T>C	p.Cys1455Arg	c.5714+5G>A		No		logMAR	11	12	1	0.9	15	1	1
25312043	Fujinami (2015) Ophthalmology 122:326	25	c.2588G>C; c.3364G>A	p.Gly863Ala; p.Glu1122Lys	c.6088C>T	p.Arg2030*	No		logMAR	8	12	1.3	1.3	16	1.3	1.18
25312043	Fujinami (2015) Ophthalmology 122:326	26	c.1648G>A	p.Gly550Arg	c.6449G>A	p.Cys2150Tyr	No		logMAR	3	12	1	1	16	1	1
25312043	Fujinami (2015) Ophthalmology 122:326	27	c.2588G>C	p.Gly863Ala	c.5160_5161delCA	p.Thr1721fs	No		logMAR	9	13	0.5	0.6			
25312043	Fujinami (2015) Ophthalmology 122:326	28	c.3064G>A	p.Glu1022Lys	c.3064G>A	p.Glu1022Lys	No	Cosanguinous family	logMAR	6	13	1.3	1.1	15	1.1	0.88
25312043	Fujinami (2015) Ophthalmology 122:326	29	c.1760G>A	p.Arg587Lys	c.2564G>A	p.Trp855*	No		logMAR	8	13	1	1.18	16	0.78	0.78
25312043	Fujinami (2015) Ophthalmology 122:326	30	c.1906C>T	p.Gln636*	c.6817-2A>C		No		logMAR	11	14	0.9	0.8			
25312043	Fujinami (2015) Ophthalmology 122:326	31	c.3056C>T	p.Thr1019Met	c.5882G>A	p.Gly1961Glu	No		logMAR	12	14	0.48	0.48			
25312043	Fujinami (2015) Ophthalmology 122:326	32	c.5018+2T>C		c.6215G>A	p.Ser2072Asn	No		logMAR	10	14	1	1	15	1	1
25312043	Fujinami (2015) Ophthalmology 122:326	33	c.5882G>A	p.Gly1961Glu	c.6729+4_6729+18del		No		logMAR	11	14	0.18	0.2	16	0.36	0.36
25312043	Fujinami (2015) Ophthalmology 122:326	34	c.4139C>T	p.Pro1380Leu	c.5308T>G	p.Tyr1770Asp	No		logMAR	12	15	1	1			
25312043	Fujinami (2015) Ophthalmology 122:326	36	c.1957C>T	p.Arg653Cys	c.4139C>T	p.Pro1380Leu	No		logMAR	12	15	1	1	16	1	1
25312043	Fujinami (2015) Ophthalmology 122:326	37	c.1531C>T; c.5213_5214insTGC	p.Arg511Cys; p.Ala1739dup	c.5882G>A	p.Gly1961Glu	No		logMAR	14	15	0.18	0.18	16	0.75	0.56
25312043	Fujinami (2015) Ophthalmology 122:326	38	c.3197T>G	p.Met1066Arg	c.4469G>A	p.Cys1490Tyr	No		logMAR	13	15	1	1	16	1.08	1
25312043	Fujinami (2015) Ophthalmology 122:326	39	c.1757A>G	p.Asp586Gly	c.5882G>A	p.Gly1961Glu	No		logMAR	12	15	0.8	0.8	16	0.8	0.8
25312043	Fujinami (2015) Ophthalmology 122:326	41	c.5461-10T>C		c.6079C>T	p.Leu2027Phe	No		logMAR	13	16	1	1			
25312043	Fujinami (2015) Ophthalmology 122:326	42	c.3385C>T	p.Arg1129Cys	c.4469G>A	p.Cys1490Tyr	No		logMAR	14	16	0.18	0.18			
26161775	Xin (2015) PLoS One 10:e0132635	QT058	c.6173T>G	p.L2058R	c.4773+1G>T		No		logMAR	8	18	0.1	0.2			
26161775	Xin (2015) PLoS One 10:e0132635	QT085	c.6173T>G	p.L2058R	c.5932delA	p.K1978Qfs*13	No		logMAR	7	9	0.1	0.1			
26161775	Xin (2015) PLoS One 10:e0132635	QT302	c.6816+1G>A		c.4555delA	p.T1519Rfs*7	No		logMAR	early childhood	17	0.3	0.2			
26161775	Xin (2015) PLoS One 10:e0132635	QT398	c.4352+1G>A		c.1804C>T	p.R602W	No		logMAR	early childhood	8	0.06	0.08			
26161775	Xin (2015) PLoS One 10:e0132635	QT431	c.5646G>A	p.M1882I	c.1804C>T	p.R602W	No		logMAR	10	12	0.2	0.2			
26161775	Xin (2015) PLoS One 10:e0132635	QT458	c.4555delA	p.T1519Rfs*7	c.164A>G	p.H55R	No		logMAR	early childhood	20	0.04	0.04			
26161775	Xin (2015) PLoS One 10:e0132635	QT727	c.161-2A>G		c.101_106del	p.S34_L35del	No		logMAR	11	15	0.1	0.05			
26161775	Xin (2015) PLoS One 10:e0132635	QT1137	c.6284A>T	p.D2095V	c.22C>T	p.Q8*	No		logMAR	7	7.5	0.07	0.1			
26161775	Xin (2015) PLoS One 10:e0132635	QT1160	c.240_241del	p.C81Ffs*17	c.101_106del	p.S34_L35del	No		logMAR	6	11	0.1	0.1			
26161775	Xin (2015) PLoS One 10:e0132635	QT1175	c.4195G>T	p.E1399*	c.2894A>G	p.N965S	No		logMAR	8	11	0.1	0.1			
26161775	Xin (2015) PLoS One 10:e0132635	QT1198	c.5646G>A	p.M1882I	c.2894A>G	p.N965S	No		logMAR	8	8	0.2	0.15			
26161775	Xin (2015) PLoS One 10:e0132635	QT1200	c.6563T>C	p.F2188S	c.858+2T>A		No		logMAR	20	26	0.1	0.1			
26161775	Xin (2015) PLoS One 10:e0132635	QT1230	c.6317G>C	p.R2106P	c.101_106del	p.S34_L35del	No		logMAR	8	8.5	0.2	0.3			
26161775	Xin (2015) PLoS One 10:e0132635	QT1277	c.6479+2T>C		c.5196+1G>A		No		logMAR	6	7	0.1	0.1			
19028736	Aguirre-Lamban (2009) Br J Ophthalmol 93:614	ARDM-135	c.5882G>A	p.Gly1961Glu	c.1029_1030insT	p.Asn344fsX	NP		BCVA	24	42	0.4	0.6			
19028736	Aguirre-Lamban (2009) Br J Ophthalmol 93:614	ARDM-240	c.5882G>A	p.Gly1961Glu	c.2285C>A	p.Ala762Glu	Yes		BCVA	13	15	0.2	0.16			
19028736	Aguirre-Lamban (2009) Br J Ophthalmol 93:614	ARDM-225	c.5882G>A	p.Gly1961Glu	c.6559C>T	p.Gln2187X	Yes		BCVA	25	32	0.25	0.5			
19028736	Aguirre-Lamban (2009) Br J Ophthalmol 93:614	ARDM-125	c.3211insGT	FS		p.KNLFA1876dup	Yes		BCVA	9	31	0.3	0.4			
19028736	Aguirre-Lamban (2009) Br J Ophthalmol 93:614	ARDM-158	c.3211insGT	FS	c.4537delC	p.Gln1513fsX1525	No		BCVA	9	24	0.2	0.2			
19028736	Aguirre-Lamban (2009) Br J Ophthalmol 93:614	ARDM-146	c.3056C>T	p.Thr1019Met	c.6140T>A	p.Ile2047Asn	Yes		BCVA	13	32	0.06	0.1			
19028736	Aguirre-Lamban (2009) Br J Ophthalmol 93:614	ARDM-40	c.3056C>T	p.Thr1019Met	c.3943C>T	p.Gln1315X	Yes		BCVA	9	46	0.1	0.1			
19028736	Aguirre-Lamban (2009) Br J Ophthalmol 93:614	ARDM-90	c.5929G>A 	p.Gly1977Ser	IVS21-2A>T		Yes		BCVA	8	26	0	0			
19028736	Aguirre-Lamban (2009) Br J Ophthalmol 93:614	ARDM-181	c.3323G>A 	p.Arg1108His	IVS38+5G>A		Yes		BCVA	16	57	0.1	0.09			
19028736	Aguirre-Lamban (2009) Br J Ophthalmol 93:614	ARDM-183	c.6079C>T	p.Leu2027Phe	c.5929G>A	p.Gly1977Ser	No		BCVA	55	63	0.15	0.175			
19028736	Aguirre-Lamban (2009) Br J Ophthalmol 93:614	ARDM-38	c.1804C>T	p.Arg602Trp	c.4739delT	p.Leu1580fs	Yes		BCVA	6	35	0.01	0.02			
19028736	Aguirre-Lamban (2009) Br J Ophthalmol 93:614	ARDM-247	c.3386G>T	p.Arg1129Leu	c.6410G>A	p.Cys2137Tyr	Yes		BCVA	12	30	0.05	0.1			
25082885	Alapati (2014) Invest Ophthalmol Vis Sci 55:5510	Case 1	c.4919G>A	p.Arg1640Gln	c.5882G>A	p.Gly1961Gln	Yes	panel	BCVA	35	44	20/25	20/60			
20696155	Burke (2010) Exp Eye Res 91:592	1		p.Gly1961Glu		p.Gly1961Glu	Yes		BCVA	18	32	20/70	20/70			
20696155	Burke (2010) Exp Eye Res 91:592	2		p.Gly1961Glu		 IVS43+1 G>T	Yes		BCVA	8	27	20/200	20/200			
20696155	Burke (2010) Exp Eye Res 91:592	3.1		L541P/A1038V		p.Gly1961Glu	Yes		BCVA	28	31	20/50	20/30			
20696155	Burke (2010) Exp Eye Res 91:592	3.2		L541P/A1038V		p.Gly1961Glu	Yes		BCVA	28	33	20/60	20/50			
20696155	Burke (2010) Exp Eye Res 91:592	4.1		L541P/A1038V		p.Gly1961Glu	Yes		BCVA	14	17	20/30	20/25			
20696155	Burke (2010) Exp Eye Res 91:592	4.2		L541P/A1038V		p.Gly1961Glu	Yes		BCVA	14	24	20/150	20/200			
20696155	Burke (2010) Exp Eye Res 91:592	5		p.Gly1961Glu		R2077W	Yes		BCVA	25	30	20/60	20/50			
20696155	Burke (2010) Exp Eye Res 91:592	6.1		p.Gly1961Glu		L541P/A1038V	Yes		BCVA	18	21	20/150	20/150			
20696155	Burke (2010) Exp Eye Res 91:592	6.2		p.Gly1961Glu		L541P/A1038V	Yes		BCVA	15	18	20/150	20/150			
20696155	Burke (2010) Exp Eye Res 91:592	7		R602Q		R602Q	Yes		BCVA	31	36	20/20	20/60			
20696155	Burke (2010) Exp Eye Res 91:592	13		P1380L		R1640Q	Yes		BCVA	11	35	0	0			
20696155	Burke (2010) Exp Eye Res 91:592	14		IVS38-10 T>C		IVS40+5 G>A	Yes		BCVA	7	13	20/150	20/150			
20696155	Burke (2010) Exp Eye Res 91:592	15		M1V/R2030Q		P1380L	Yes		BCVA	8	18	20/150	20/150			
20696155	Burke (2010) Exp Eye Res 91:592	16		P1380L		P1380L	Yes		BCVA	18	26	20/400	20/400			
20696155	Burke (2010) Exp Eye Res 91:592	17		L541P/A1038V		L2027F	Yes		BCVA	10	32	0	0			
20696155	Burke (2010) Exp Eye Res 91:592	20		R602W		R1300X	Yes		BCVA	8	26	0	0			
20696155	Burke (2010) Exp Eye Res 91:592	21		C54Y		IVS14+1 G>C	Yes		BCVA	8	63	0	0			
20696155	Burke (2010) Exp Eye Res 91:592	22.1		4537delC		R107X	Yes		BCVA	5	13	20/200	20/200			
20696155	Burke (2010) Exp Eye Res 91:592	22.2		4537delC		R107X	Yes		BCVA	6	8	20/200	20/200			
20696155	Burke (2010) Exp Eye Res 91:592	23		P1380L		IVS40+5 G>A	Yes		BCVA	29	55	20/400	20/400			
20696155	Burke (2010) Exp Eye Res 91:592	24		A1598D		A1598D	Yes		BCVA	13	53	20/400	20/400			
22247458	Cideciyan (2012) Invest Ophthalmol Vis Sci 53:841	P1		N965S		W821R	NP		BCVA	NP	12	20/20	20/20			
22247458	Cideciyan (2012) Invest Ophthalmol Vis Sci 53:841	P2		V989A		IVS28+5 G>T	NP		BCVA	NP	17	20/100	20/100			
22247458	Cideciyan (2012) Invest Ophthalmol Vis Sci 53:841	P3		G1961E		R1129L	NP		BCVA	NP	18	20/100	20/100			
22247458	Cideciyan (2012) Invest Ophthalmol Vis Sci 53:841	P4		R212C		P68R	NP		BCVA	NP	21	20/125	20/125			
22247458	Cideciyan (2012) Invest Ophthalmol Vis Sci 53:841	P5		P1511 del1ccgC		R1705Q	NP		BCVA	NP	24	20/25	20/25			
22247458	Cideciyan (2012) Invest Ophthalmol Vis Sci 53:841	P6		G863A		R1108C	NP		BCVA	NP	31	20/25	20/25			
22247458	Cideciyan (2012) Invest Ophthalmol Vis Sci 53:841	P7		IVS40+5 G>A		V935A	NP		BCVA	NP	32	20/32	20/32			
22247458	Cideciyan (2012) Invest Ophthalmol Vis Sci 53:841	P9		R681X		P309R	NP		BCVA	NP	37	20/20	20/20			
22247458	Cideciyan (2012) Invest Ophthalmol Vis Sci 53:841	P10		G1961E		C54Y	NP		BCVA	NP	39	20/40	20/40			
22247458	Cideciyan (2012) Invest Ophthalmol Vis Sci 53:841	P11		G1961E		V256V	NP		BCVA	NP	42	20/32	20/32			
22247458	Cideciyan (2012) Invest Ophthalmol Vis Sci 53:841	P12		G1961E		V256V	NP		BCVA	NP	46	20/32	20/32			
22247458	Cideciyan (2012) Invest Ophthalmol Vis Sci 53:841	P13		G1961E		P1380L	NP		BCVA	NP	52	20/40	20/40			
22247458	Cideciyan (2012) Invest Ophthalmol Vis Sci 53:841	P14		D600E		R18W	NP		BCVA	NP	58	20/40	20/40			
22247458	Cideciyan (2012) Invest Ophthalmol Vis Sci 53:841	P15		V256V		T1526M	NP		BCVA	NP	11	20/200	20/200			
22247458	Cideciyan (2012) Invest Ophthalmol Vis Sci 53:841	P16		C54Y		IVS35+2 T>C	NP		BCVA	NP	15	20/200	20/200			
22247458	Cideciyan (2012) Invest Ophthalmol Vis Sci 53:841	P17		V989A		IVS28+5 G>T	NP		BCVA	NP	16	20/100	20/100			
22247458	Cideciyan (2012) Invest Ophthalmol Vis Sci 53:841	P18		N965S		W821R	NP		BCVA	NP	16	20/125	20/125			
22247458	Cideciyan (2012) Invest Ophthalmol Vis Sci 53:841	P19		A1038V/L541P		N965S	NP		BCVA	NP	19	20/400	20/400			
22247458	Cideciyan (2012) Invest Ophthalmol Vis Sci 53:841	P20		G863A		IVS35+2 T>C	NP		BCVA	NP	21	20/200	20/200			
22247458	Cideciyan (2012) Invest Ophthalmol Vis Sci 53:841	P21		G1961E		R152X	NP		BCVA	NP	22	20/50	20/50			
22247458	Cideciyan (2012) Invest Ophthalmol Vis Sci 53:841	P22		G863A		P1660S	NP		BCVA	NP	27	20/100	20/100			
22247458	Cideciyan (2012) Invest Ophthalmol Vis Sci 53:841	P23		G1961E		A1038V/L541P	NP		BCVA	NP	27	20/100	20/100			
22247458	Cideciyan (2012) Invest Ophthalmol Vis Sci 53:841	P24		G1961E		T1019M	NP		BCVA	NP	29	20/100	20/100			
22247458	Cideciyan (2012) Invest Ophthalmol Vis Sci 53:841	P25		P1486L		deletion of exon 7	NP		BCVA	NP	33	20/400	20/400			
22247458	Cideciyan (2012) Invest Ophthalmol Vis Sci 53:841	P26		G863A		C1490Y	NP		BCVA	NP	36	20/100	20/100			
22247458	Cideciyan (2012) Invest Ophthalmol Vis Sci 53:841	P28		T1526M		R2030Q	NP		BCVA	NP	49	20/125	20/125			
22247458	Cideciyan (2012) Invest Ophthalmol Vis Sci 53:841	P30		G1961E		IVS37+1 G>A	NP		BCVA	NP	56	20/125	20/125			
22247458	Cideciyan (2012) Invest Ophthalmol Vis Sci 53:841	P31		G1961E		M669 del2ccAT	NP		BCVA	NP	60	20/125	20/125			
23940504	Corton (2013) PLoS One 8:e65574	01-0570	c.287delA	p.N96Tfs*19	c.6148G>C	p.V2050L	yes	haplotype by pedigree	BCVA	4	12	0.25	0.2			
23940504	Corton (2013) PLoS One 8:e65575	95-0103	c.4720G>T	p.E1574*	c.950delG	p.G317Afs*57	yes	haplotype by pedigree	BCVA	10	36	0.1	0.1			
23940504	Corton (2013) PLoS One 8:e65576	07-0366	c.2285C>A	p.A762E	c.2285C>A	p.A762E	yes	haplotype by pedigree	BCVA	NP	27	0	0			
25283059	Duncker (2015) Ophthalmology 122:345	1		p.G1961E		p.G1961E	yes	sanger	logMAR		36	0.7	0.7			
25283059	Duncker (2015) Ophthalmology 122:346	2		p.G1961E		p.R1129C	yes	sanger	logMAR		46	0.4	0.4			
25283059	Duncker (2015) Ophthalmology 122:347	3		p.G1961E		c.6729+4_+18del	yes	sanger	logMAR		17	0.7	0.88			
25283059	Duncker (2015) Ophthalmology 122:348	4		p.G1961E		p.A1773V	yes	sanger	logMAR		17	0.88	0.88			
25283059	Duncker (2015) Ophthalmology 122:349	5		p.G1961E		p.W15*	yes	sanger	logMAR		21	0.88	0.88			
25283059	Duncker (2015) Ophthalmology 122:350	6		p.G1961E		p.G863A	yes	sanger	logMAR		22	0.7	0.48			
25283059	Duncker (2015) Ophthalmology 122:351	7		p.G1961E		p.L541P	yes	sanger	logMAR		20	0.7	0.88			
25283059	Duncker (2015) Ophthalmology 122:352	8		p.G1961E		p.P1380L	yes	sanger	logMAR		12	0.8	0.7			
25283059	Duncker (2015) Ophthalmology 122:353	9		p.G1961E		p.R212C	yes	sanger	logMAR		21	0.88	0.88			
25283059	Duncker (2015) Ophthalmology 122:354	10		p.G1961E		c.5196+1056A>G	yes	sanger	logMAR		26	0.4	0.7			
25283059	Duncker (2015) Ophthalmology 122:355	11		p.G1961E		p.C2150R	yes	sanger	logMAR		24	0.88	0.88			
25283059	Duncker (2015) Ophthalmology 122:356	12		p.G1961E		p.N96D	yes	sanger	logMAR		24	0.3	0.18			
25283059	Duncker (2015) Ophthalmology 122:357	13		p.G1961E		p.N96D	yes	sanger	logMAR		20	0.3	0.4			
25283059	Duncker (2015) Ophthalmology 122:358	14		p.G1961E		p.Q1003*	yes	sanger	logMAR		25	0	0.3			
25283059	Duncker (2015) Ophthalmology 122:359	16		p.S84fs		p.R2107H	yes	sanger	logMAR		25	0.6	0.6			
25283059	Duncker (2015) Ophthalmology 122:360	17		p.G991R		p.L1138P	yes	sanger	logMAR		24	0.7	0.88			
25283059	Duncker (2015) Ophthalmology 122:361	18		p.R1300*		p.R2106C	yes	sanger	logMAR		26	0	0			
25283059	Duncker (2015) Ophthalmology 122:362	19		p.W821R		p.C2150Y	yes	sanger	logMAR		11	0.4	0.4			
25283059	Duncker (2015) Ophthalmology 122:363	20		p.K1547*		p.R2030Q	yes	sanger	logMAR		16	0.7	0.4			
25283059	Duncker (2015) Ophthalmology 122:364	21		pR1108C		p.Q1412*	yes	sanger	logMAR		13	1.3	1			
25283059	Duncker (2015) Ophthalmology 122:365	22		p.G863A		c.5898+1G>A	yes	sanger	logMAR		18	0	0			
23776498	Huang (2013) PLoS One 8:e65546	Family 1	c.4604dup	p.T1537Nfs*18	c.1957C>T	p.R653C	yes	sanger	BCVA		7	0.2	0.15			
18285826	Kitiratschky (2008) Eur J Hum Genet 16:812	6809	c.731 T>C 		c.731 T>C		yes	sanger	BCVA	8	24	0.05	0.05			
18285826	Kitiratschky (2008) Eur J Hum Genet 16:812	6184	c.735 T>G		c.735 T>G		yes	sanger	BCVA	5	32	0.05	0.05			
18285826	Kitiratschky (2008) Eur J Hum Genet 16:812	781	[c.1622T>C;c.3113C>T]		c.4848+2T>C		yes	sanger	BCVA	10	41	0.02	0.02			
18285826	Kitiratschky (2008) Eur J Hum Genet 16:812	10492	c.2588G>C		c.5196+1_c.5196+4del		yes	sanger	BCVA	14	46	0.05	0			
18285826	Kitiratschky (2008) Eur J Hum Genet 16:812	1989	c.4139C>T		c.6229C>T		yes	sanger	BCVA	10	28	0.02	0.05			
18285826	Kitiratschky (2008) Eur J Hum Genet 16:812	2509	c.4139C>T		c.1928T>G		yes	sanger	BCVA	13	57	0.02	0.05			
18285826	Kitiratschky (2008) Eur J Hum Genet 16:812	5781	c.5285C>A		c.3539_c.3554del		yes	sanger	BCVA	10	20	0.02	0.07			
18285826	Kitiratschky (2008) Eur J Hum Genet 16:812	5862	c.5461-10T>C		c.5882G>A		yes	sanger	BCVA	6	14	0.05	0.1			
18285826	Kitiratschky (2008) Eur J Hum Genet 16:812	9136	c.5461-10T>C		c.700C>T		yes	sanger	BCVA	13	37	0	0.015			
18285826	Kitiratschky (2008) Eur J Hum Genet 16:812	8805	c.5461-10T>C		c.5196+1G>A		yes	sanger	BCVA	9	43	0.02	0			
18285826	Kitiratschky (2008) Eur J Hum Genet 16:812	10313	c.5461-10T>C		c.2588G>C		yes	sanger	BCVA	18	18	0.6	0.6			
18285826	Kitiratschky (2008) Eur J Hum Genet 16:812	3474	c.5461-10T>C		c.4234C>T		yes	sanger	BCVA	6	29	0.02	0.03			
18285826	Kitiratschky (2008) Eur J Hum Genet 16:812	10840	c.5461-10T>C		c.4457 C>T		yes	sanger	BCVA	27	29	0.6	0.6			
18285826	Kitiratschky (2008) Eur J Hum Genet 16:812	6810	c.5714+5G>A		c.5819T>C		yes	sanger	BCVA	7	30	0.1	0.1			
18285826	Kitiratschky (2008) Eur J Hum Genet 16:812	3668	c.5917delG		c.5917delG		yes	sanger	BCVA	7	8	0.03	0.03			
18285826	Kitiratschky (2008) Eur J Hum Genet 16:812	8019	c.5917delG		c.4462T>C		yes	sanger	BCVA	6	19	0.02	0.02			
23341817	Rossi (2012) Case Report Ophthalmol 3:410	Case 2	c.571–2A>T		c.571–2A>T		yes		BCVA	11	14	20/32	20/50			
29971439	Runhart (2018) Invest Ophthalmol Vis Sci 59:3220	 G-II:1  	  c.5762_5763dup   	 p,(Ala1922Trpfs*18)	c.5603A>T	p.Asn1868Ile	yes		BCVA	72	76	  20/25  	  20/32  			
29971439	Runhart (2018) Invest Ophthalmol Vis Sci 59:3220	 G-II:4  	  c.5762_5763dup  	 p,(Ala1922Trpfs*18)	c.5603A>T	p.Asn1868Ile	yes		BCVA	37	70	0	0			
29971439	Runhart (2018) Invest Ophthalmol Vis Sci 59:3220	 B-II:3  	  c.768G>T   	 p,(Leu257Valfs*17)	c.5603A>T	p.Asn1868Ile	yes		BCVA	19	60	0	  20/400  			
29971439	Runhart (2018) Invest Ophthalmol Vis Sci 59:3220	 C-II:1  	  c.768G>T   	 p,(Leu257Valfs*17)	c.5603A>T	p.Asn1868Ile	yes		BCVA	41	49	  20/20  	  20/20  			
29971439	Runhart (2018) Invest Ophthalmol Vis Sci 59:3220	 D-II:1  	  c.768G>T   	 p,(Leu257Valfs*17)	c.5603A>T	p.Asn1868Ile	yes		BCVA	61	68	0	  20/130  			
29971439	Runhart (2018) Invest Ophthalmol Vis Sci 59:3220	 O-II:1  	 c.768G>T 	 p.(Leu257Valfs*17)	c.5603A>T	p.Asn1868Ile	yes		BCVA	32	39	  20/22  	  20/20  			
29971439	Runhart (2018) Invest Ophthalmol Vis Sci 59:3220	 W-II:1  	 c.768G>T  	 p.(Leu257Valfs*17)	c.5603A>T	p.Asn1868Ile	yes		BCVA	42	55	  20/130  	  20/200  			
29971439	Runhart (2018) Invest Ophthalmol Vis Sci 59:3220	 F-II:2  	 c.1822T>A   	 p,(Phe608Ile)	c.5603A>T	p.Asn1868Ile	yes		BCVA	32	41	  20/66  	  20/66  			
29971439	Runhart (2018) Invest Ophthalmol Vis Sci 59:3220	 S-II:1  	 c.1822T>A 	 p.(Phe608Ile)	c.5603A>T	p.Asn1868Ile	yes		BCVA	26	30	  20/200  	  20/50  			
29971439	Runhart (2018) Invest Ophthalmol Vis Sci 59:3220	 J-II:2  	 c.[5461-10T>C; 5603A>T]   	 p,[Thr1821Valfs*13, Thr1821Aspfs*6; Asn1868Ile]	c.5603A>T	p.Asn1868Ile	yes		BCVA	56	57	  20/32  	  20/330    			
29971439	Runhart (2018) Invest Ophthalmol Vis Sci 59:3220	 Z-II:1  	 c.4234C>T 	 p.(Gln1412*)	c.5603A>T	p.Asn1868Ile	yes		BCVA	21	44	0	0			
29971439	Runhart (2018) Invest Ophthalmol Vis Sci 59:3220	 K-II:1  	 c.5914G>A 	 p.(Gly1972Arg)	c.5603A>T	p.Asn1868Ile	yes		BCVA	23	29	  20/200  	  20/125  			
29971439	Runhart (2018) Invest Ophthalmol Vis Sci 59:3220	 AA-II:1  	c.[4469G>A; 5603A>T]  	 p.[Cys1490Glufs*12; Asn1868Ile]	c.5603A>T	p.Asn1868Ile	yes		BCVA	57	58	  20/20  	  20/20  			
28885670	Wangtiraumnuay (2018) Eur J Ophthalmol 28:123	1	c.850_857delATTCAAGA		c.6184_6187delGTCT		yes	pedigree	BCVA	4	11	20/125	20/200			
25066811	Zernant (2014) Hum Mutat 35:1187	A:III:1	c.5318C>T	p.A1773V 	c.4128+1 G>T		yes	sanger	BCVA	10	21	20/200	20/200			
25066811	Zernant (2014) Hum Mutat 35:1187	A:III:2	c.5318C>T	p.A1773V 	c.4128+1 G>T		yes	sanger	BCVA	11	13	20/200	20/200			
25066811	Zernant (2014) Hum Mutat 35:1187	B:II:1	c.6112C>T	p.R2038W 	c.1804C>T	p. R602W 	yes	sanger	BCVA	10	34	20/250	20/250			
25066811	Zernant (2014) Hum Mutat 35:1187	B:II:2	c.6112C>T	p.R2038W 	c.1804C>T	p. R602W 	yes	sanger	BCVA	13	31	20/400	20/400			
25066811	Zernant (2014) Hum Mutat 35:1187	C:III:1	c.1819G>A	p.G607R	c.1819G>A	p.G607R	yes	sanger	BCVA	10	23	20/200	20/200			
25066811	Zernant (2014) Hum Mutat 35:1187	D:II:1	c.6095A>G	p.H2032R	c.1983+1 C>T		yes	sanger	BCVA	6	13	20/200	20/200			
25472526	Zhao (2015) Hum Genet 134:217	Rp44	c.2617T > C	p.(Phe873Leu)	c.2617T > C	p.(Phe873Leu)	yes		BCVA	15	87	0	0			
25472526	Zhao (2015) Hum Genet 134:217	Rp14	c.161G > A	p.(Cys54Tyr)	c.161G > A	p.(Cys54Tyr)	yes		BCVA	11	38	20/125	20/125			
25472526	Zhao (2015) Hum Genet 134:217	Rp171	c.1805G > A	p.(Arg602Gln)	c.4469G > A	p.(Cys1490Tyr)	yes		BCVA	38	61	0	0			
25472526	Zhao (2015) Hum Genet 134:217	Rp141	c.3352C > G	p.(His1118Asp)	c.1317G > A	p.(Trp439*)	yes		BCVA	6	53	20/630	20/400			
25472526	Zhao (2015) Hum Genet 134:217	Rp113	c.3211_3212insGT	p.(Ser1071Cysfs)	c.3211_3212insGT	p.(Ser1071Cysfs)	yes		BCVA	10	67	0	0			
25472526	Zhao (2015) Hum Genet 134:217	Rp105	c.2041C > T	p.(Arg681*)	c.2041C > T	p.(Arg681*)	yes		BCVA	10	78	0	0			
25472526	Zhao (2015) Hum Genet 134:217	Rp125	c.6416G > C	p.(Arg2139Pro)	c.1519G > T	p.(Asp507Tyr)	yes		BCVA	7	65	0	0			
25472526	Zhao (2015) Hum Genet 134:217	Rp375B	c.161G > A	p.(Cys54Tyr)	c.43_48del6insC	p.(Trp15Alafs)	yes		BCVA	7	59	0	0			
24632595	Zhou (2014) PLoS One 9:e91962	I1 	1819G>A	Gly 607 Arg	1819G>A	Gly 607 Arg	yes	sanger	BCVA		43	20/20	20/20			
24632595	Zhou (2014) PLoS One 9:e91962	I2 	2424C>G	Tyr 808*	2424C>G	Tyr 808*	yes	sanger	BCVA		43	20/20	20/20			
24632595	Zhou (2014) PLoS One 9:e91962	II1 	1819G>A	Gly 607 Arg	2423C>G	Tyr 808*	yes	sanger	BCVA	10	13	20/400	20/400			
24632595	Zhou (2014) PLoS One 9:e91962	II2 	1819G>A	Gly 607 Arg	2424C>G	Tyr 808*	yes	sanger	BCVA	10	18	20/400	20/400			
24632595	Zhou (2014) PLoS One 9:e91962	II3 	1819G>A	Gly 607 Arg	1819G>A	Gly 607 Arg	yes	sanger	BCVA		20	20/20	20/20			
27939946	Zolnikova (2017) Eur J Med Genet 60:140	P001	c.5819T>C	Leu1940Pro	c.5819T>C	Leu1940Pro	yes		BCVA	9	16	0.3	0.2			
27939946	Zolnikova (2017) Eur J Med Genet 60:140	P002	c.2828G>A	Arg943Gln	c.2828G>A	Arg943Gln	yes		BCVA	8	11	0.7	0.5			
27939946	Zolnikova (2017) Eur J Med Genet 60:140	P003	c.1957C>T	Arg653Cys	c.203C>T	Pro68Leu	yes		BCVA	4	9	0.2	0.2			
27939946	Zolnikova (2017) Eur J Med Genet 60:140	P021	c.2537A>T	Asp846Val	c.5753A>T	Asp1918Val	yes		BCVA	9	11	0.4	0.5			
27939946	Zolnikova (2017) Eur J Med Genet 60:140	P028	c.1268A>G	His423Arg	c.1268A>G	His423Arg	yes		BCVA	9	9	0.04	0.2			
27939946	Zolnikova (2017) Eur J Med Genet 60:140	P033	c.5206T>C	Ser1736Pro	c.5206T>C	Ser1736Pro	yes		BCVA	9	18	0.05	0.3			
